Compound	KEGG	HMDB	High.Confidence.Annotation
C03173_(Methylthio)acetate	C03173	HMDB0035646	TRUE
C03969_1-Amino-1-cyclopentanecarboxylate	C03969	HMDB0062225	TRUE
C01234_1-Aminocyclopropane-1-carboxylate	C01234	HMDB0036458	TRUE
C03782_1-Aminoethylphosphonate	C03782	NA	TRUE
C11118_1-Methyl-2-pyrrolidinone	C11118	HMDB0002039	TRUE
C02494_1-Methyladenosine	C02494	HMDB0003331	TRUE
C05127_1-Methylhistamine	C05127	HMDB0000898	TRUE
C02918_1-Methylnicotinamide	C02918	HMDB0000699	TRUE
C00986_1,3-Diaminopropane	C00986	HMDB0000002	TRUE
C02774_10-Hydroxydecanoate	C02774	NA	TRUE
C00881_2'-Deoxycytidine	C00881	HMDB0000014	TRUE
C00330_2'-Deoxyguanosine	C00330	HMDB0000085	TRUE
C05512_2'-Deoxyinosine	C05512	HMDB0000071	TRUE
C02354_2',3'-cCMP	C02354	HMDB0011691	TRUE
C05672_2-Amino-3-phosphonopropionate	C05672	HMDB0000370	TRUE
C10901_2-Aminobenzimidazole	C10901	NA	TRUE
C03557_2-Aminoethylphosphonate	C03557	HMDB0011747	TRUE
C01987_2-Aminophenol	C01987	METPA0236	TRUE
C06369_2-Deoxyglucose 6-phosphate	C06369	NA	TRUE
C00672_2-Deoxyribose 1-phosphate	C00672	HMDB0001351	TRUE
C02627_2-Deoxystreptamine	C02627	NA	TRUE
C01546_2-Furoate	C01546	HMDB0000617	TRUE
C10898_2-Guanidinobenzimidazole	C10898	NA	TRUE
C03264_2-Hydroxy-4-methylpentanoate	C03264	HMDB0000665	TRUE
C05984_2-Hydroxybutyrate	C05984	HMDB0000008	TRUE
C02630_2-Hydroxyglutarate	C02630	HMDB0059655	TRUE
-_2-Hydroxyisobutyrate	NA	HMDB0000729	TRUE
-_2-Hydroxyoctanoate	NA	HMDB0000711	TRUE
-_2-Hydroxypentanoate	NA	HMDB0001863	TRUE
C05852_2-Hydroxyphenylacetate	C05852	HMDB0000669	TRUE
C02504_2-Isopropylmalate	C02504	HMDB0000402	TRUE
C00322_2-Oxoadipate	C00322	HMDB0000225	TRUE
C00109_2-Oxobutyrate	C00109	HMDB0000005	TRUE
C00026_2-Oxoglutarate	C00026	HMDB0000208	TRUE
C00141_2-Oxoisopentanoate	C00141	HMDB0000019	TRUE
-_2-Oxooctanoate	NA	HMDB0013211	TRUE
C06325_2-Quinolinecarboxylate	C06325	HMDB0000842	TRUE
C02595_2-Thiopheneacetate	C02595	HMDB0029718	TRUE
C06393_2,3-Diaminopropionate	C06393	HMDB0002006	FALSE
C01159_2,3-DPG	C01159	HMDB0001294	TRUE
C03722_2,3-Pyridinedicarboxylate	C03722	HMDB0000232	TRUE
C03283_2,4-Diaminobutyrate	C03283	HMDB0002362	TRUE
C03030_2,4-Dihydroxypyrimidine-5-carboxylate	C03030	NA	TRUE
C11003_2,4-Dimethylaniline	C11003	NA	TRUE
C00628_2,5-Dihydroxybenzoate	C00628	HMDB0000152	TRUE
C02356_2AB	C02356	HMDB0000452	TRUE
C00631_2PG	C00631	HMDB0003391	TRUE
C01367_3'-AMP	C01367	HMDB0003540	TRUE
C00968_3',5'-Cyclic dAMP	C00968	NA	TRUE
C01198_3-(2-Hydroxyphenyl)propionate	C01198	HMDB0033752	TRUE
C01744_3-(4-Hydroxyphenyl)propionate	C01744	HMDB0002199	TRUE
C07091_3-Acetylacrylate	C07091	HMDB0060461	TRUE
C05145_3-Aminoisobutyrate	C05145	HMDB0003911	TRUE
C06057_3-Aminopropane-1,2-diol	C06057	NA	TRUE
C05670_3-Aminopropionitrile	C05670	HMDB0004101	TRUE
_3-Aminopyrrolidine	NA	NA	TRUE
C02635_3-Chloroalanine	C02635	NA	TRUE
C03761_3-Hydroxy-3-methylglutarate	C03761	HMDB0000355	TRUE
C00632_3-Hydroxyanthranilate	C00632	HMDB0001476	TRUE
C01089_3-Hydroxybutyrate	C01089	HMDB0000357	TRUE
C02794_3-Hydroxykynurenine	C02794	HMDB0000732	TRUE
C01013_3-Hydroxypropionate	C01013	HMDB0000700	TRUE
C11284_3-Indolebutyrate	C11284	HMDB0002096	TRUE
-_3-Indoxyl sulfate	NA	HMDB0000682	TRUE
C02515_3-Iodotyrosine	C02515	HMDB0000021	TRUE
C05587_3-Methoxytyramine	C05587	HMDB0000022	TRUE
C00913_3-Methyladenine	C00913	HMDB0011600	TRUE
C08262_3-Methylbutanoate	C08262	HMDB0000718	TRUE
C02230_3-Methylguanine	C02230	HMDB0001566	TRUE
C01152_3-Methylhistidine	C01152	HMDB0000479	TRUE
C05607_3-Phenyllactate	C05607	HMDB0000779	FALSE
C05629_3-Phenylpropionate	C05629	HMDB0000764	TRUE
C02642_3-Ureidopropionate	C02642	HMDB0000026	TRUE
C02465_3,3',5-Triiodothyronine	C02465	HMDB0000265	TRUE
C01060_3,5-Diiodo-tyrosine	C01060	NA	TRUE
C00197_3PG	C00197	HMDB0000807	FALSE
C05135_4-(beta-Acetylaminoethyl)imidazole	C05135	HMDB0013253	TRUE
C02129_4-Acetylbutyrate	C02129	HMDB0061881	TRUE
C03678_4-Amino-3-hydroxybutyrate	C03678	HMDB0061877	TRUE
C02518_4-Aminosalicylate	C02518	HMDB0014378	TRUE
C05584_4-Hydroxy-3-methoxymandelate	C05584	HMDB0000291	TRUE
C11527_4-Hydroxymandelate	C11527	HMDB0000822	TRUE
C05562_4-Hydroxymethylimidazole	C05562	NA	TRUE
C00233_4-Methyl-2-oxopentanoate	C00233	HMDB0000695	TRUE
C04294_4-Methyl-5-thiazoleethanol	C04294	HMDB0032985	TRUE
C01180_4-Methylthio-2-oxobutyrate	C01180	HMDB0001553	TRUE
-_4-Oxohexanoate	NA	NA	TRUE
-_4-Oxopentanoate	NA	HMDB0000720	TRUE
C00847_4-Pyridoxate	C00847	HMDB0000017	TRUE
C05198_5'-Deoxyadenosine	C05198	HMDB0001983	TRUE
C00430_5-Aminolevulinate	C00430	HMDB0001149	TRUE
C00431_5-Aminovalerate	C00431	HMDB0003355	TRUE
C05635_5-Hydroxyindoleacetate	C05635	HMDB0000763	TRUE
C16741_5-Hydroxylysine	C16741	HMDB0000450	TRUE
C00643_5-Hydroxytryptophan	C00643	HMDB0000472	TRUE
C08309_5-Methoxy-N,N-dimethyltryptamine	C08309	HMDB0002004	TRUE
C05660_5-Methoxyindoleacetate	C05660	HMDB0004096	TRUE
C05659_5-Methoxytryptamine	C05659	HMDB0004095	TRUE
C03592_5-Methyl-2'-deoxycytidine	C03592	HMDB0002224	TRUE
C02376_5-Methylcytosine	C02376	HMDB0002894	TRUE
C00440_5-Methyltetrahydrofolate	C00440	HMDB0001396	TRUE
C00170_5-Methylthioadenosine	C00170	HMDB0001173	TRUE
C01879_5-Oxoproline	C01879	HMDB0000267	TRUE
C03114_5,6-Dimethylbenzimidazole	C03114	HMDB0003701	TRUE
C02378_6-Aminohexanoate	C02378	HMDB0001901	TRUE
C06103_6-Hydroxyhexanoate	C06103	HMDB0012843	TRUE
C01020_6-Hydroxynicotinate	C01020	HMDB0002658	TRUE
C08434_6-Methylaminopurine	C08434	HMDB0002099	TRUE
C00345_6-Phosphogluconate	C00345	HMDB0001316	TRUE
C02242_7-Methylguanine	C02242	HMDB0000897	TRUE
C02953_7,8-Dihydrobiopterin	C02953	HMDB0000038	TRUE
C04874_7,8-Dihydroneopterin	C04874	HMDB0002275	TRUE
C00024_Acetyl CoA	C00024	HMDB0001206	TRUE
C01996_Acetylcholine	C01996	HMDB0000895	TRUE
C00147_Adenine	C00147	HMDB0000034	TRUE
C00212_Adenosine	C00212	HMDB0000050	TRUE
C00054_Adenosine 3',5'-diphosphate	C00054	HMDB0000061	TRUE
C00224_Adenosine 5'-phosphosulfate	C00224	HMDB0001003	TRUE
C03794_Adenylosuccinate	C03794	HMDB0000536	TRUE
C06104_Adipate	C06104	HMDB0000448	TRUE
C03626_ADMA	C03626	HMDB0001539	TRUE
C00008_ADP	C00008	HMDB0001341	TRUE
C00498_ADP-glucose	C00498	HMDB0006557	TRUE
C00301_ADP-ribose	C00301	HMDB0001178	TRUE
C00179_Agmatine	C00179	HMDB0001432	TRUE
C04677_AICAR	C04677	HMDB0001517	TRUE
C00041_Ala	C00041	HMDB0000161	TRUE
C00993_Ala-Ala	C00993	HMDB0003459	TRUE
C00499_Allantoate	C00499	HMDB0001209	TRUE
C01551_Allantoin	C01551	HMDB0000462	TRUE
C08265_Alliin	C08265	HMDB0029441	FALSE
C00956_alpha-Aminoadipate	C00956	HMDB0000510	TRUE
C02455_alpha-Methylbenzylamine	C02455	HMDB0002017	TRUE
C02115_Alpha-Methylserine	C02115	NA	TRUE
C06818_Amantadine	C06818	HMDB0015051	TRUE
C00020_AMP	C00020	HMDB0000045	TRUE
C00292_Aniline	C00292	HMDB0003012	TRUE
C01262_Anserine	C01262	HMDB0000194	TRUE
C00108_Anthranilate	C00108	HMDB0001123	TRUE
C00062_Arg	C00062	HMDB0000517	TRUE
C01404_Arginine ethyl ester	C01404	NA	TRUE
C03406_Argininosuccinate	C03406	HMDB0000052	TRUE
C00152_Asn	C00152	HMDB0000168	TRUE
C00049_Asp	C00049	HMDB0000191	TRUE
C00002_ATP	C00002	HMDB0000538	TRUE
C08261_Azelate	C08261	HMDB0000784	TRUE
C00813_Barbiturate	C00813	HMDB0041833	TRUE
C09815_Benzamide	C09815	HMDB0004461	TRUE
C01784_Benzamidine	C01784	NA	TRUE
C02009_Benzimidazole	C02009	NA	TRUE
C00180_Benzoate	C00180	HMDB0013677	TRUE
C02137_Benzoylformate	C02137	HMDB0001587	TRUE
C09816_Benzylsuccinate	C09816	HMDB0142179	TRUE
C00099_beta-Ala	C00099	HMDB0000056	TRUE
C05341_beta-Ala-Lys	C05341	HMDB0060442	TRUE
C02512_beta-Cyanoalanine	C02512	NA	TRUE
C05568_beta-Imidazolelactate	C05568	NA	TRUE
C02486_beta-Leucine	C02486	HMDB0003640	TRUE
C00719_Betaine	C00719	HMDB0000043	TRUE
C00576_Betaine aldehyde	C00576	HMDB0001252	TRUE
C08269_Betonicine	C08269	HMDB0029412	TRUE
C00120_Biotin	C00120	HMDB0000030	TRUE
C03375_Bis(3-aminopropyl)amine	C03375	HMDB0011634	TRUE
C00246_Butyrate	C00246	HMDB0000039	TRUE
C01672_Cadaverine	C01672	HMDB0002322	TRUE
C00575_cAMP	C00575	HMDB0000058	TRUE
C00308_Canavanine	C00308	HMDB0002706	TRUE
C00438_Carbamoylaspartate	C00438	HMDB0000828	TRUE
C00169_Carbamoylphosphate	C00169	HMDB0001096	TRUE
C00318_Carnitine	C00318	HMDB0000062	TRUE
C00386_Carnosine	C00386	HMDB0000033	TRUE
C02256_Castanospermine	C02256	NA	TRUE
C00112_CDP	C00112	HMDB0001546	TRUE
C00307_CDP-choline	C00307	HMDB0001413	TRUE
C00942_cGMP	C00942	HMDB0001314	TRUE
C00695_Cholate	C00695	HMDB0000619	TRUE
C00114_Choline	C00114	HMDB0000097	TRUE
C00943_cIMP	C00943	NA	TRUE
C00417_cis-Aconitate	C00417	HMDB0000072	TRUE
C02226_Citraconate	C02226	HMDB0000634	TRUE
C02614_Citramalate	C02614	HMDB0000426	FALSE
C00158_Citrate	C00158	HMDB0000094	TRUE
C00327_Citrulline	C00327	HMDB0000904	TRUE
C00055_CMP	C00055	HMDB0000095	TRUE
C00128_CMP-N-acetylneuraminate	C00128	HMDB0001176	TRUE
C00010_CoA	C00010	HMDB0001423	TRUE
C00300_Creatine	C00300	HMDB0000064	TRUE
C00791_Creatinine	C00791	HMDB0000562	TRUE
C01771_Crotonate	C01771	HMDB0010720	TRUE
C00063_CTP	C00063	HMDB0000082	TRUE
C02823_Cyanocobalamin	C02823	HMDB0000607	TRUE
C00571_Cyclohexylamine	C00571	HMDB0031404	TRUE
C00097_Cys	C00097	HMDB0000574	TRUE
C01419_Cys-Gly	C01419	HMDB0000078	TRUE
C02291_Cystathionine	C02291	HMDB0000099	TRUE
C01678_Cysteamine	C01678	HMDB0002991	TRUE
C00506_Cysteate	C00506	HMDB0002757	TRUE
-_Cysteine-glutathione disulphide	NA	NA	TRUE
-_Cysteine-glutathione disulphide -Divalent	NA	NA	TRUE
C05824_Cysteine S-sulfate	C05824	HMDB0000731	TRUE
C00606_Cysteine sulfinate	C00606	HMDB0000996	TRUE
C00491_Cystine	C00491	HMDB0000192	TRUE
C00475_Cytidine	C00475	HMDB0000089	TRUE
C00380_Cytosine	C00380	HMDB0000630	TRUE
C00206_dADP	C00206	HMDB0001508	TRUE
C00360_dAMP	C00360	HMDB0000905	TRUE
C00131_dATP	C00131	HMDB0001532	TRUE
C04483_DCA	C04483	HMDB0000626	TRUE
C00705_dCDP	C00705	HMDB0001245	TRUE
C00239_dCMP	C00239	HMDB0001202	TRUE
C00458_dCTP	C00458	HMDB0000998	TRUE
C00857_Deamido-NAD+	C00857	HMDB0001179	TRUE
C01571_Decanoate	C01571	HMDB0000511	TRUE
C01909_Desthiobiotin	C01909	HMDB0003581	TRUE
C00286_dGTP	C00286	HMDB0001440	TRUE
C00111_DHAP	C00111	HMDB0001473	TRUE
_Diazoxide	C06949	HMDB0015251	TRUE
C06772_Diethanolamine	C06772	HMDB0004437	TRUE
_Diethyl-2-phenylacetamide	NA	NA	TRUE
C02273_Digalacturonate	C02273	HMDB0039721	TRUE
C00337_Dihydroorotate	C00337	HMDB0000528	TRUE
C00429_Dihydrouracil	C00429	HMDB0000076	TRUE
C11016_Diphenylamine	C11016	HMDB0032562	TRUE
C01345_dITP	C01345	HMDB0003537	TRUE
C02678_Dodecanedioate	C02678	HMDB0000623	TRUE
C02679_Dodecanoate	C02679	HMDB0000638	TRUE
C00355_DOPA	C00355	HMDB0000609	TRUE
C03758_Dopamine	C03758	HMDB0000073	TRUE
C00363_dTDP	C00363	HMDB0001274	TRUE
C00364_dTMP	C00364	HMDB0001227	TRUE
C00459_dTTP	C00459	HMDB0001342	TRUE
C01346_dUDP	C01346	HMDB0001000	TRUE
C00365_dUMP	C00365	HMDB0001409	TRUE
C00460_dUTP	C00460	HMDB0001191	TRUE
C06231_Ectoine	C06231	METPA0797	TRUE
C00788_Epinephrine	C00788	HMDB0000068	TRUE
C00346_Ethanolamine phosphate	C00346	HMDB0000224	TRUE
C00354_F1,6P	C00354	HMDB0001058	TRUE
C00085_F6P	C00085	HMDB0000124	TRUE
C00016_FAD	C00016	HMDB0001248	TRUE
C00504_Folate	C00504	HMDB0000121	TRUE
C00122_Fumarate	C00122	HMDB0000134	TRUE
C00103_G1P	C00103	HMDB0001586	TRUE
C00661_G3P	C00661	HMDB0000807	FALSE
C00092_G6P	C00092	HMDB0001401	TRUE
C00334_GABA	C00334	HMDB0000112	TRUE
C04037_Galacturonate 1-phosphate	C04037	NA	TRUE
C01181_gamma-Butyrobetaine	C01181	HMDB0001161	TRUE
-_gamma-Glu-2AB	NA	NA	TRUE
C00669_gamma-Glu-cys	C00669	HMDB0001049	TRUE
C01035_gamma-Guanidinobutyrate	C01035	HMDB0003464	TRUE
C00035_GDP	C00035	HMDB0001201	TRUE
C00096_GDP-mannose	C00096	HMDB0062759	FALSE
C00064_Gln	C00064	HMDB0000641	TRUE
C00025_Glu	C00025	HMDB0000148	TRUE
C01425_Glu-Glu	C01425	HMDB0028818	TRUE
C00257_Gluconate	C00257	HMDB0000625	TRUE
C03752_Glucosaminate	C03752	METPA0433	TRUE
C00329_Glucosamine	C00329	HMDB0001514	TRUE
C00352_Glucosamine 6-phosphate	C00352	HMDB0001254	TRUE
C00191_Glucuronate	C00191	HMDB0000127	TRUE
C00489_Glutarate	C00489	HMDB0000661	TRUE
C00127_Glutathione(ox)	C00127	HMDB0003337	TRUE
C00051_Glutathione(red)	C00051	HMDB0000125	TRUE
C00037_Gly	C00037	HMDB0000123	TRUE
C02037_Gly-Gly	C02037	HMDB0011733	TRUE
C02155_Gly-Leu	C02155	HMDB0000759	TRUE
C00258_Glycerate	C00258	HMDB0000139	TRUE
C00116_Glycerol	C00116	HMDB0000131	TRUE
C00093_Glycerophosphate	C00093	HMDB0000126	TRUE
C00670_Glycerophosphorylcholine	C00670	HMDB0000086	TRUE
C01921_Glycocholate	C01921	HMDB0000138	TRUE
C00160_Glycolate	C00160	NA	TRUE
C00048_Glyoxylate	C00048	HMDB0000119	TRUE
C00144_GMP	C00144	HMDB0001397	TRUE
C08304_Gramine	C08304	HMDB0035762	TRUE
C00044_GTP	C00044	HMDB0001273	TRUE
C00581_Guanidinoacetate	C00581	HMDB0000128	TRUE
C03139_Guanidinosuccinate	C03139	HMDB0003157	TRUE
C00242_Guanine	C00242	HMDB0000132	TRUE
C00387_Guanosine	C00387	HMDB0000133	TRUE
C09209_Harman	C09209	HMDB0035196	TRUE
C17714_Heptanoate	C17714	HMDB0000666	TRUE
C01585_Hexanoate	C01585	HMDB0000535	TRUE
C08306_Hexylamine	C08306	HMDB0032323	TRUE
C01586_Hippurate	C01586	HMDB0000714	TRUE
C00135_His	C00135	HMDB0000177	TRUE
C00388_Histamine	C00388	HMDB0000870	TRUE
C00860_Histidinol	C00860	HMDB0003431	TRUE
C00884_Homocarnosine	C00884	HMDB0000745	TRUE
C00155_Homocysteine	C00155	NA	TRUE
C01817_Homocystine	C01817	HMDB0000575	TRUE
C00263_Homoserine	C00263	HMDB0000719	TRUE
C05582_Homovanillate	C05582	HMDB0000118	TRUE
C01015_Hydroxyproline	C01015	HMDB0240251	TRUE
C07044_Hydroxyurea	C07044	HMDB0015140	TRUE
C00519_Hypotaurine	C00519	HMDB0000965	TRUE
C00262_Hypoxanthine	C00262	HMDB0000157	TRUE
C10600_Ibotenate	C10600	NA	TRUE
C00104_IDP	C00104	HMDB0003335	TRUE
C00407_Ile	C00407	HMDB0000172	TRUE
C02835_Imidazole-4-acetate	C02835	HMDB0002024	TRUE
C00130_IMP	C00130	HMDB0015536	FALSE
C00637_Indole-3-acetaldehyde	C00637	HMDB0001190	TRUE
C02693_Indole-3-acetamide	C02693	HMDB0029739	TRUE
C00954_Indole-3-acetate	C00954	HMDB0000197	TRUE
C00955_Indole-3-ethanol	C00955	HMDB0003447	TRUE
C02043_Indolelactate	C02043	HMDB0000671	TRUE
C00294_Inosine	C00294	HMDB0000195	TRUE
C05123_Isethionate	C05123	HMDB0003903	TRUE
C02640_Isoamylamine	C02640	HMDB0031659	TRUE
C02787_Isobutylamine	C02787	HMDB0034198	TRUE
C00630_Isobutyryl CoA	C00630	HMDB0001243	TRUE
C00311_Isocitrate	C00311	HMDB0000193	TRUE
C02421_Isonicotinamide	C02421	NA	TRUE
C05771_Isopropanolamine	C05771	HMDB0012136	TRUE
C00490_Itaconate	C00490	HMDB0002092	TRUE
C00081_ITP	C00081	HMDB0000189	TRUE
C00328_Kynurenine	C00328	HMDB0000684	TRUE
C00186_Lactate	C00186	HMDB0000190	TRUE
C00123_Leu	C00123	HMDB0000687	TRUE
C11331_Leu-Leu-Tyr	C11331	NA	TRUE
C00047_Lys	C00047	HMDB0000182	TRUE
C01930_Lysinamide	C01930	NA	TRUE
C00587_m-Hydroxybenzoate	C00587	HMDB0002466	TRUE
C00711_Malate	C00711	HMDB0000156	FALSE
C00383_Malonate	C00383	NA	TRUE
C00083_Malonyl CoA	C00083	HMDB0001175	FALSE
C03570_Mannosamine	C03570	NA	TRUE
C08737_Melamine	C08737	HMDB0041922	TRUE
C01598_Melatonin	C01598	HMDB0001389	TRUE
C00073_Met	C00073	HMDB0000696	TRUE
C07151_Metformin	C07151	HMDB0001921	TRUE
C11145_Methanesulfonate	C11145	HMDB0240280	TRUE
C02989_Methionine sulfoxide	C02989	HMDB0002005	TRUE
C03510_Methionine sulfoximine	C03510	HMDB0029430	TRUE
C02704_Methyl sulfate	C02704	NA	TRUE
C02294_Methylguanidine	C02294	HMDB0001522	TRUE
C00879_Mucate	C00879	HMDB0000639	TRUE
C06470_Muramate	C06470	HMDB0003254	TRUE
C08311_Muscimol	C08311	NA	TRUE
C01073_N-Acetyl-beta-alanine	C01073	HMDB0061880	TRUE
C01042_N-Acetylaspartate	C01042	HMDB0000812	TRUE
C00140_N-Acetylglucosamine	C00140	HMDB0000215	TRUE
C04501_N-Acetylglucosamine 1-phosphate	C04501	HMDB0001367	FALSE
C00357_N-Acetylglucosamine 6-phosphate	C00357	HMDB0002817	TRUE
C01239_N-Acetylglucosylamine	C01239	HMDB0001104	TRUE
C00624_N-Acetylglutamate	C00624	HMDB0001138	TRUE
C02997_N-Acetylhistidine	C02997	HMDB0032055	TRUE
C02710_N-Acetylleucine	C02710	HMDB0011756	TRUE
C02712_N-Acetylmethionine	C02712	HMDB0011745	TRUE
C02713_N-Acetylmuramate	C02713	HMDB0060493	TRUE
C00270_N-Acetylneuraminate	C00270	NA	TRUE
C00437_N-Acetylornithine	C00437	HMDB0003357	TRUE
C03519_N-Acetylphenylalanine	C03519	HMDB0000512	TRUE
C02714_N-Acetylputrescine	C02714	HMDB0002064	TRUE
-_N-Acetylvaline	NA	HMDB0011757	TRUE
C01670_N-alpha-Benzenolarginine ethylester	C01670	NA	TRUE
C04259_N-alpha,N-alpha-Dimethylhistidine	C04259	NA	TRUE
-_n-Butyl a-Picolinate	NA	NA	TRUE
C05829_N-Carbamylglutamate	C05829	HMDB0015673	TRUE
C02727_N-epsilon-Acetyllysine	C02727	HMDB0000206	TRUE
C01044_N-Formylaspartate	C01044	HMDB0060495	TRUE
C03145_N-Formylmethionine	C03145	HMDB0001015	TRUE
C01047_N-gamma-Ethylglutamine	C01047	HMDB0034365	TRUE
C02721_N-Methylalanine	C02721	HMDB0094692	TRUE
C02299_N-Methylaniline	C02299	NA	TRUE
C01046_N-Methylglutamate	C01046	HMDB0062660	TRUE
C06213_N-omega-Methyltryptamine	C06213	HMDB0004370	TRUE
C01026_N,N-Dimethylglycine	C01026	HMDB0000092	TRUE
C00612_N1-Acetylspermidine	C00612	HMDB0001276	TRUE
C02567_N1-Acetylspermine	C02567	HMDB0001186	FALSE
C02567_N1-Acetylspermine_div	C02567	HMDB0001186	FALSE
C03413_N1,N12-Diacetylspermine	C03413	HMDB0002172	TRUE
-_N1,N8-Diacetylspermidine	NA	HMDB0041947	TRUE
C03795_N6-Methyl-2'-deoxyadenosine	C03795	NA	TRUE
C03793_N6,N6,N6-Trimethyllysine	C03793	HMDB0001325	TRUE
C01029_N8-Acetylspermidine	C01029	HMDB0002189	TRUE
C00003_NAD+	C00003	HMDB0000902	FALSE
C00004_NADH	C00004	HMDB0000902	FALSE
C00006_NADP+	C00006	HMDB0000217	FALSE
C00005_NADPH	C00005	HMDB0000217	FALSE
C00153_Nicotinamide	C00153	HMDB0001406	TRUE
C00253_Nicotinate	C00253	HMDB0001488	TRUE
C00745_Nicotine	C00745	HMDB0001934	TRUE
C00455_NMN	C00455	HMDB0000229	TRUE
C00547_Noradrenaline	C00547	HMDB0000216	TRUE
C06524_Nornicotine	C06524	HMDB0001126	TRUE
C02571_o-Acetylcarnitine	C02571	HMDB0000201	TRUE
C00979_O-Acetylserine	C00979	HMDB0003011	TRUE
C01772_o-Coumarate	C01772	HMDB0002641	TRUE
C00805_o-Hydroxybenzoate	C00805	HMDB0001895	TRUE
C07588_o-Hydroxyhippurate	C07588	HMDB0000840	TRUE
C01005_O-Phosphoserine	C01005	HMDB0000272	TRUE
C01118_o-Succinylhomoserine	C01118	NA	TRUE
C06423_Octanoate	C06423	HMDB0000482	TRUE
C04137_Octopine	C04137	NA	TRUE
C01740_Octylamine	C01740	NA	TRUE
-_Ophthalmate	C21016	HMDB0005765	TRUE
C00077_Ornithine	C00077	HMDB0000214	TRUE
C00295_Orotate	C00295	HMDB0000226	TRUE
C01103_Orotidine 5'-monophosphate	C01103	HMDB0000218	TRUE
C00568_p-Aminobenzoate	C00568	HMDB0001392	TRUE
C00811_p-Coumarate	C00811	HMDB0002035	TRUE
C00156_p-Hydroxybenzoate	C00156	HMDB0000500	TRUE
C00642_p-Hydroxyphenylacetate	C00642	HMDB0000020	TRUE
C01260_P1, P4-Di(adenosine-5') tetraphosphate	C01260	NA	TRUE
C00864_Pantothenate	C00864	HMDB0000210	TRUE
C01601_Pelargonate	C01601	HMDB0000847	TRUE
C00803_Pentanoate	C00803	HMDB0000892	TRUE
C00074_PEP	C00074	HMDB0000263	TRUE
C00079_Phe	C00079	HMDB0000159	TRUE
-_Phe-Phe	NA	HMDB0013302	TRUE
C05598_Phenaceturate	C05598	HMDB0000821	TRUE
C05332_Phenethylamine	C05332	HMDB0012275	TRUE
C02734_Phenyl phosphate	C02734	NA	TRUE
C02735_Phenylethanolamine	C02735	HMDB0001065	TRUE
C00166_Phenylpyruvate	C00166	HMDB0000205	TRUE
C05682_Phosphonoacetate	C05682	HMDB0004110	TRUE
C00588_Phosphorylcholine	C00588	HMDB0001565	TRUE
C01606_Phthalate	C01606	HMDB0002107	TRUE
C01204_Phytate	C01204	HMDB0003502	TRUE
C01950_Picolinamide	C01950	NA	TRUE
C02656_Pimelate	C02656	HMDB0000857	TRUE
C00408_Pipecolate	C00408	HMDB0000070	TRUE
C00931_Porphobilinogen	C00931	HMDB0000245	TRUE
C00148_Pro	C00148	HMDB0000162	TRUE
C10172_Proline betaine	C10172	HMDB0004827	TRUE
C00163_Propionate	C00163	HMDB0000237	TRUE
C00584_Prostaglandin E2	C00584	HMDB0001220	TRUE
C00639_Prostaglandin F2alpha	C00639	HMDB0001139	TRUE
C00119_PRPP	C00119	HMDB0000280	TRUE
C10865_Pseudopelletierine	C10865	HMDB0034580	TRUE
C00715_Pterin	C00715	HMDB0000802	TRUE
C15587_Purine	C15587	HMDB0001366	TRUE
C01736_Purine riboside	C01736	HMDB0029956	TRUE
C00134_Putrescine(1,4-Butanediamine)	C00134	HMDB0001414	FALSE
C00481_Pyrazole	C00481	NA	TRUE
C00250_Pyridoxal	C00250	HMDB0001545	TRUE
C00534_Pyridoxamine	C00534	HMDB0001431	TRUE
C00647_Pyridoxamine 5'-phosphate	C00647	HMDB0001555	TRUE
C00314_Pyridoxine	C00314	HMDB0000239	TRUE
C05942_Pyrrole-2-carboxylate	C05942	HMDB0004230	TRUE
C00022_Pyruvate	C00022	HMDB0000243	TRUE
C00296_Quinate	C00296	HMDB0003072	TRUE
C00117_R5P	C00117	HMDB0001548	TRUE
C00255_Riboflavin	C00255	HMDB0000244	TRUE
C01182_Ribulose 1,5-diphosphate	C01182	NA	TRUE
C00199_Ru5P	C00199	HMDB0000618	TRUE
C03451_S-Lactoylglutathione	C03451	HMDB0001066	TRUE
C03172_S-Methylmethionine	C03172	HMDB0038670	TRUE
C05382_S7P	C05382	HMDB0001068	TRUE
C00818_Saccharate	C00818	HMDB0000663	TRUE
C00449_Saccharopine	C00449	HMDB0000279	TRUE
C00021_SAH	C00021	HMDB0000939	TRUE
C00019_SAM+	C00019	HMDB0001185	TRUE
C00213_Sarcosine	C00213	HMDB0000271	TRUE
-_SDMA	NA	HMDB0003334	TRUE
C08277_Sebacate	C08277	HMDB0000792	TRUE
C00835_Sepiapterin	C00835	HMDB0000238	TRUE
C00065_Ser	C00065	HMDB0000187	TRUE
C02703_Serine O-sulfate	C02703	NA	TRUE
C00780_Serotonin	C00780	HMDB0000259	TRUE
C00493_Shikimate	C00493	HMDB0003070	TRUE
C00482_Sinapate	C00482	HMDB0032616	TRUE
C01096_Sorbitol 6-phosphate	C01096	HMDB0005831	FALSE
C00315_Spermidine	C00315	HMDB0001257	TRUE
C00750_Spermine	C00750	HMDB0001256	TRUE
C00042_Succinate	C00042	HMDB0000254	TRUE
C00091_Succinyl CoA	C00091	HMDB0001022	TRUE
C04548_Synephrine	C04548	HMDB0004826	TRUE
C10833_Syringate	C10833	HMDB0002085	TRUE
C00898_Tartrate	C00898	HMDB0000956	TRUE
C00245_Taurine	C00245	HMDB0000251	TRUE
C05122_Taurocholate	C05122	HMDB0000036	TRUE
C01959_Taurocyamine	C01959	HMDB0003584	TRUE
C00842_TDP-glucose	C00842	HMDB0001328	TRUE
C06337_Terephthalate	C06337	HMDB0061917	TRUE
C02890_Tetrahydropalmatine	C02890	NA	TRUE
C00378_Thiamine	C00378	HMDB0000235	TRUE
C01081_Thiamine monophosphate	C01081	HMDB0002666	TRUE
C00188_Thr	C00188	HMDB0000167	TRUE
C03618_threo-beta-methylaspartate	C03618	NA	TRUE
C01620_Threonate	C01620	HMDB0000943	TRUE
C00214_Thymidine	C00214	HMDB0000273	TRUE
C00178_Thymine	C00178	HMDB0000262	TRUE
C08279_Tiglate	C08279	HMDB0001470	TRUE
C01494_trans-4-Hydroxy-3-methoxycinnamate	C01494	HMDB0000954	TRUE
C02341_trans-Aconitate	C02341	HMDB0000958	TRUE
C00423_trans-Cinnamate	C00423	NA	TRUE
C00371_trans-Zeatin	C00371	HMDB0012204	TRUE
C00689_Trehalose 6-phosphate	C00689	HMDB0001124	TRUE
C03958_TRH	C03958	HMDB0060080	TRUE
C07166_Trientine	C07166	NA	TRUE
C01004_Trigonelline	C01004	HMDB0000875	TRUE
C00565_Trimethylamine	C00565	HMDB0000906	TRUE
C01104_Trimethylamine N-oxide	C01104	HMDB0000925	TRUE
C01008_Trimethylsulfonium	C01008	HMDB0012295	TRUE
C00729_Tropine	C00729	METPA0074	TRUE
C00783_Tropinone	C00783	METPA0078	TRUE
C00078_Trp	C00078	HMDB0000929	TRUE
C00398_Tryptamine	C00398	HMDB0000303	TRUE
C00082_Tyr	C00082	HMDB0000158	TRUE
C00483_Tyramine	C00483	HMDB0000306	TRUE
C03404_Tyrosine methyl ester	C03404	HMDB0029217	TRUE
C00015_UDP	C00015	HMDB0000295	TRUE
C00029_UDP-glucose	C00029	HMDB0000286	TRUE
C00167_UDP-glucuronate	C00167	HMDB0000935	TRUE
C00043_UDP-N-acetylglucosamine	C00043	HMDB0000290	TRUE
C00105_UMP	C00105	HMDB0000288	TRUE
C17715_Undecanoate	C17715	HMDB0000947	TRUE
C00106_Uracil	C00106	HMDB0000300	TRUE
C00366_Urate	C00366	HMDB0000289	TRUE
C00086_Urea	C00086	HMDB0000294	TRUE
C00299_Uridine	C00299	HMDB0000296	TRUE
C00785_Urocanate	C00785	HMDB0000301	TRUE
C00075_UTP	C00075	HMDB0000285	TRUE
C00183_Val	C00183	HMDB0000883	TRUE
C00385_Xanthine	C00385	HMDB0000292	TRUE
-_Xanthopterin	NA	NA	TRUE
C01762_Xanthosine	C01762	HMDB0000299	TRUE
C02470_Xanthurenate	C02470	HMDB0000881	TRUE
C00655_XMP	C00655	HMDB0001554	TRUE
C00700_XTP	C00700	HMDB0000293	TRUE
