Compound	KEGG	MA.Name.Match	HMDB	High.Confidence.Annotation
C03173_(Methylthio)acetate	C03173	NA	HMDB0035646	TRUE
C03969_1-Amino-1-cyclopentanecarboxylate	C03969	NA	HMDB0062225	TRUE
C01234_1-Aminocyclopropane-1-carboxylate	C01234	1-Aminocyclopropanecarboxylic acid	HMDB0036458	TRUE
C11118_1-Methyl-2-pyrrolidinone	C11118	2-Pyrrolidinone	HMDB0002039	TRUE
C02494_1-Methyladenosine	C02494	1-Methyladenosine	HMDB0003331	TRUE
C05127_1-Methylhistamine	C05127	1-Methylhistamine	HMDB0000898	TRUE
C02918_1-Methylnicotinamide	C02918	1-Methylnicotinamide	HMDB0000699	TRUE
C00986_1,3-Diaminopropane	C00986	1,3-Diaminopropane	HMDB0000002	TRUE
C02774_10-Hydroxydecanoate	C02774	NA	NA	TRUE
C00881_2'-Deoxycytidine	C00881	Deoxycytidine	HMDB0000014	TRUE
C00330_2'-Deoxyguanosine	C00330	Deoxyguanosine	HMDB0000085	TRUE
C05512_2'-Deoxyinosine	C05512	Deoxyinosine	HMDB0000071	TRUE
C02354_2',3'-cCMP	C02354	NA	HMDB0011691	TRUE
C10901_2-Aminobenzimidazole	C10901	NA	NA	TRUE
C03557_2-Aminoethylphosphonate	C03557	Ciliatine	HMDB0011747	TRUE
C01987_2-Aminophenol	C01987	2-Aminophenol	METPA0236	TRUE
C06369_2-Deoxyglucose 6-phosphate	C06369	NA	NA	TRUE
C02627_2-Deoxystreptamine	C02627	2-Deoxystreptamine	NA	TRUE
C10898_2-Guanidinobenzimidazole	C10898	NA	NA	TRUE
C03264_2-Hydroxy-4-methylpentanoate	C03264	Leucinic acid	HMDB0000665	TRUE
C05984_2-Hydroxybutyrate	C05984	2-Hydroxybutyric acid	HMDB0000008	TRUE
C02630_2-Hydroxyglutarate	C02630	2-Hydroxyglutarate	HMDB0059655	TRUE
2-Hydroxyisobutyrate	NA	Alpha-Hydroxyisobutyric acid	HMDB0000729	TRUE
2-Hydroxyoctanoate	NA	Hydroxyoctanoic acid	HMDB0000711	TRUE
2-Hydroxypentanoate	NA	2-Hydroxyvaleric acid	HMDB0001863	TRUE
C05852_2-Hydroxyphenylacetate	C05852	Ortho-Hydroxyphenylacetic acid	HMDB0000669	TRUE
C02504_2-Isopropylmalate	C02504	2-Isopropylmalic acid	HMDB0000402	TRUE
C00322_2-Oxoadipate	C00322	Oxoadipic acid	HMDB0000225	TRUE
C00109_2-Oxobutyrate	C00109	3-methyl pyruvic acid	HMDB0000005	TRUE
C00026_2-Oxoglutarate	C00026	Oxoglutaric acid	HMDB0000208	TRUE
C00141_2-Oxoisopentanoate	C00141	NA	HMDB0000019	TRUE
2-Oxooctanoate	NA	Alpha-Ketooctanoic acid	HMDB0013211	TRUE
C06325_2-Quinolinecarboxylate	C06325	Quinaldic acid	HMDB0000842	TRUE
C02595_2-Thiopheneacetate	C02595	NA	HMDB0029718	TRUE
C06393_2,3-Diaminopropionate	C06393	2,3-Diaminopropionic acid	HMDB0002006	FALSE
C03722_2,3-Pyridinedicarboxylate	C03722	Quinolinic acid	HMDB0000232	TRUE
C03283_2,4-Diaminobutyrate	C03283	2,4-Diaminobutyric acid	HMDB0002362	TRUE
C03030_2,4-Dihydroxypyrimidine-5-carboxylate	C03030	NA	NA	TRUE
C11003_2,4-Dimethylaniline	C11003	2,4-Dimethylaniline	NA	TRUE
C00628_2,5-Dihydroxybenzoate	C00628	Gentisic acid	HMDB0000152	TRUE
C02356_2AB	C02356	NA	HMDB0000452	TRUE
C00631_2PG	C00631	NA	HMDB0003391	TRUE
C01367_3'-AMP	C01367	3'-AMP	HMDB0003540	TRUE
C01198_3-(2-Hydroxyphenyl)propionate	C01198	3-(2-Hydroxyphenyl)propanoic acid	HMDB0033752	TRUE
C01744_3-(4-Hydroxyphenyl)propionate	C01744	Desaminotyrosine	HMDB0002199	TRUE
C05145_3-Aminoisobutyrate	C05145	3-Aminoisobutanoic acid	HMDB0003911	TRUE
C06057_3-Aminopropane-1,2-diol	C06057	NA	NA	TRUE
C03761_3-Hydroxy-3-methylglutarate	C03761	3-Hydroxymethylglutaric acid	HMDB0000355	TRUE
C00632_3-Hydroxyanthranilate	C00632	3-Hydroxyanthranilic acid	HMDB0001476	TRUE
C01089_3-Hydroxybutyrate	C01089	D(-)-beta-hydroxy butyric acid	HMDB0000357	TRUE
C02794_3-Hydroxykynurenine	C02794	Hydroxykynurenine	HMDB0000732	TRUE
C01013_3-Hydroxypropionate	C01013	Hydroxypropionic acid	HMDB0000700	TRUE
C11284_3-Indolebutyrate	C11284	3-Indolebutyric acid	HMDB0002096	TRUE
3-Indoxyl sulfate	NA	Indoxyl sulfate	HMDB0000682	TRUE
C05587_3-Methoxytyramine	C05587	3-Methoxytyramine	HMDB0000022	TRUE
C00913_3-Methyladenine	C00913	3-Methyladenine	HMDB0011600	TRUE
C02230_3-Methylguanine	C02230	3-Methylguanine	HMDB0001566	TRUE
C01152_3-Methylhistidine	C01152	3-Methylhistidine	HMDB0000479	TRUE
C05607_3-Phenyllactate	C05607	Phenyllactic acid	HMDB0000779	FALSE
C05629_3-Phenylpropionate	C05629	Hydrocinnamic acid	HMDB0000764	TRUE
C02642_3-Ureidopropionate	C02642	Ureidopropionic acid	HMDB0000026	TRUE
C02465_3,3',5-Triiodothyronine	C02465	Liothyronine	HMDB0000265	TRUE
C00197_3PG	C00197	NA	NA	TRUE
C05135_4-(beta-Acetylaminoethyl)imidazole	C05135	N-Acetylhistamine	HMDB0013253	TRUE
C02129_4-Acetylbutyrate	C02129	NA	HMDB0061881	TRUE
C03678_4-Amino-3-hydroxybutyrate	C03678	4-Amino-3-hydroxybutyrate	HMDB0061877	TRUE
C05584_4-Hydroxy-3-methoxymandelate	C05584	Vanillylmandelic acid	HMDB0000291	TRUE
C11527_4-Hydroxymandelate	C11527	p-Hydroxymandelic acid	HMDB0000822	TRUE
C05562_4-Hydroxymethylimidazole	C05562	NA	NA	TRUE
C00233_4-Methyl-2-oxopentanoate	C00233	Ketoleucine	HMDB0000695	TRUE
C04294_4-Methyl-5-thiazoleethanol	C04294	5-(2-Hydroxyethyl)-4-methylthiazole	HMDB0032985	TRUE
C01180_4-Methylthio-2-oxobutyrate	C01180	2-Oxo-4-methylthiobutanoic acid	HMDB0001553	TRUE
4-Oxohexanoate	NA	NA	NA	TRUE
4-Oxopentanoate	NA	Levulinic acid	HMDB0000720	TRUE
C00847_4-Pyridoxate	C00847	4-Pyridoxic acid	HMDB0000017	TRUE
C05198_5'-Deoxyadenosine	C05198	5'-Deoxyadenosine	HMDB0001983	TRUE
C00430_5-Aminolevulinate	C00430	5-Aminolevulinic acid	HMDB0001149	TRUE
C00431_5-Aminovalerate	C00431	5-Aminopentanoic acid	HMDB0003355	TRUE
C05635_5-Hydroxyindoleacetate	C05635	5-Hydroxyindoleacetic acid	HMDB0000763	TRUE
C16741_5-Hydroxylysine	C16741	procollagen 5-hydroxy-L-lysine	HMDB0000450	TRUE
C00643_5-Hydroxytryptophan	C00643	5-Hydroxy-L-tryptophan	HMDB0000472	FALSE
C05660_5-Methoxyindoleacetate	C05660	5-Methoxyindoleacetate	HMDB0004096	TRUE
C05659_5-Methoxytryptamine	C05659	5-Methoxytryptamine	HMDB0004095	TRUE
C03592_5-Methyl-2'-deoxycytidine	C03592	5-Methyldeoxycytidine	HMDB0002224	TRUE
C02376_5-Methylcytosine	C02376	5-Methylcytosine	HMDB0002894	TRUE
C00440_5-Methyltetrahydrofolate	C00440	5-Methyltetrahydrofolic acid	HMDB0001396	TRUE
C00170_5-Methylthioadenosine	C00170	5'-Methylthioadenosine	HMDB0001173	TRUE
C01879_5-Oxoproline	C01879	Pyroglutamic acid	HMDB0000267	TRUE
C03114_5,6-Dimethylbenzimidazole	C03114	Dimethylbenzimidazole	HMDB0003701	TRUE
C02378_6-Aminohexanoate	C02378	Aminocaproic acid	HMDB0001901	TRUE
C06103_6-Hydroxyhexanoate	C06103	6-Hydroxyhexanoic acid	HMDB0012843	TRUE
C01020_6-Hydroxynicotinate	C01020	6-Hydroxynicotinic acid	HMDB0002658	TRUE
C08434_6-Methylaminopurine	C08434	6-Methyladenine	HMDB0002099	TRUE
C02242_7-Methylguanine	C02242	7-Methylguanine	HMDB0000897	TRUE
C02953_7,8-Dihydrobiopterin	C02953	Dihydrobiopterin	HMDB0000038	TRUE
C04874_7,8-Dihydroneopterin	C04874	7,8-Dihydroneopterin	HMDB0002275	TRUE
C00024_Acetyl CoA	C00024	Acetyl-CoA	HMDB0001206	TRUE
C01996_Acetylcholine	C01996	Acetylcholine chloride	HMDB0000895	TRUE
C00147_Adenine	C00147	Adenine	HMDB0000034	TRUE
C00212_Adenosine	C00212	Adenosine	HMDB0000050	TRUE
C00054_Adenosine 3',5'-diphosphate	C00054	Adenosine 3',5'-diphosphate	HMDB0000061	TRUE
C00224_Adenosine 5'-phosphosulfate	C00224	Adenosine phosphosulfate	HMDB0001003	TRUE
C06104_Adipate	C06104	Adipic acid	HMDB0000448	TRUE
C03626_ADMA	C03626	Asymmetric dimethylarginine	HMDB0001539	TRUE
C00008_ADP	C00008	ADP	HMDB0001341	TRUE
C00498_ADP-glucose	C00498	ADP-glucose	HMDB0006557	TRUE
C00301_ADP-ribose	C00301	ADP-ribose	HMDB0001178	TRUE
C00179_Agmatine	C00179	Agmatine	HMDB0001432	TRUE
C04677_AICAR	C04677	AICAR	HMDB0001517	TRUE
C00041_Ala	C00041	L-Alanine	HMDB0000161	TRUE
C00993_Ala-Ala	C00993	D-Alanyl-D-alanine	HMDB0003459	TRUE
C00499_Allantoate	C00499	Allantoic acid	HMDB0001209	TRUE
C01551_Allantoin	C01551	Allantoin	HMDB0000462	TRUE
C08265_Alliin	C08265	Isoalliin	HMDB0029441	TRUE
C00956_alpha-Aminoadipate	C00956	Aminoadipic acid	HMDB0000510	TRUE
C02455_alpha-Methylbenzylamine	C02455	1-Phenylethylamine	HMDB0002017	TRUE
C02115_Alpha-Methylserine	C02115	Alpha-Methylserine	NA	TRUE
C06818_Amantadine	C06818	Amantadine	HMDB0015051	TRUE
C00020_AMP	C00020	Adenosine monophosphate	HMDB0000045	TRUE
C01262_Anserine	C01262	Anserine	HMDB0000194	TRUE
C00108_Anthranilate	C00108	2-Aminobenzoic acid	HMDB0001123	TRUE
C00062_Arg	C00062	L-Arginine	HMDB0000517	TRUE
C01404_Arginine ethyl ester	C01404	NA	NA	TRUE
C03406_Argininosuccinate	C03406	Argininosuccinic acid	HMDB0000052	TRUE
C00152_Asn	C00152	L-Asparagine	HMDB0000168	TRUE
C00049_Asp	C00049	L-Aspartic acid	HMDB0000191	TRUE
C00002_ATP	C00002	Adenosine triphosphate	HMDB0000538	TRUE
C08261_Azelate	C08261	Azelaic acid	HMDB0000784	TRUE
C09815_Benzamide	C09815	Benzamide	HMDB0004461	TRUE
C02137_Benzoylformate	C02137	Phenylglyoxylic acid	HMDB0001587	TRUE
C09816_Benzylsuccinate	C09816	Benzylsuccinate	HMDB0142179	TRUE
C00099_beta-Ala	C00099	NA	HMDB0000056	TRUE
C05341_beta-Ala-Lys	C05341	NA	HMDB0060442	TRUE
C05568_beta-Imidazolelactate	C05568	NA	NA	TRUE
C00719_Betaine	C00719	Betaine	HMDB0000043	TRUE
C00576_Betaine aldehyde	C00576	Betaine aldehyde	HMDB0001252	TRUE
C08269_Betonicine	C08269	Betonicine	HMDB0029412	TRUE
C00120_Biotin	C00120	Biotin	HMDB0000030	TRUE
C03375_Bis(3-aminopropyl)amine	C03375	Norspermidine	HMDB0011634	TRUE
C00246_Butyrate	C00246	Butyric acid	HMDB0000039	TRUE
C01672_Cadaverine	C01672	Cadaverine	HMDB0002322	TRUE
C00575_cAMP	C00575	Cyclic AMP	HMDB0000058	TRUE
C00438_Carbamoylaspartate	C00438	NA	HMDB0000828	TRUE
C00318_Carnitine	C00318	L-Carnitine	HMDB0000062	TRUE
C00386_Carnosine	C00386	Carnosine	HMDB0000033	TRUE
C02256_Castanospermine	C02256	Castanospermine	NA	TRUE
C00112_CDP	C00112	CDP	HMDB0001546	TRUE
C00307_CDP-choline	C00307	Citicoline	HMDB0001413	TRUE
C00942_cGMP	C00942	Cyclic GMP	HMDB0001314	TRUE
C00695_Cholate	C00695	Cholic acid	HMDB0000619	TRUE
C00114_Choline	C00114	Choline	HMDB0000097	TRUE
C00943_cIMP	C00943	NA	NA	TRUE
C00417_cis-Aconitate	C00417	cis-Aconitic acid	HMDB0000072	TRUE
C02226_Citraconate	C02226	Citraconic acid	HMDB0000634	TRUE
C02614_Citramalate	C02614	Citramalic acid	HMDB0000426	FALSE
C00327_Citrulline	C00327	Citrulline	HMDB0000904	TRUE
C00055_CMP	C00055	Cytidine monophosphate	HMDB0000095	TRUE
C00128_CMP-N-acetylneuraminate	C00128	Cytidine monophosphate N-acetylneuraminic acid	HMDB0001176	TRUE
C00300_Creatine	C00300	Creatine	HMDB0000064	TRUE
C00791_Creatinine	C00791	Creatinine	HMDB0000562	TRUE
C01771_Crotonate	C01771	NA	HMDB0010720	TRUE
C00571_Cyclohexylamine	C00571	Cyclohexylamine	HMDB0031404	TRUE
C00097_Cys	C00097	L-Cysteine	HMDB0000574	TRUE
C01419_Cys-Gly	C01419	Cysteinylglycine	HMDB0000078	TRUE
C02291_Cystathionine	C02291	L-Cystathionine	HMDB0000099	TRUE
C00506_Cysteate	C00506	Cysteic acid	HMDB0002757	TRUE
Cysteine-glutathione disulphide -Divalent	NA	NA	NA	TRUE
C05824_Cysteine S-sulfate	C05824	NA	HMDB0000731	TRUE
C00606_Cysteine sulfinate	C00606	3-Sulfinoalanine	HMDB0000996	TRUE
C00491_Cystine	C00491	L-Cystine	HMDB0000192	TRUE
C00475_Cytidine	C00475	Cytidine	HMDB0000089	TRUE
C00380_Cytosine	C00380	Cytosine	HMDB0000630	TRUE
C00360_dAMP	C00360	Deoxyadenosine monophosphate	HMDB0000905	TRUE
_DCA	NA	NA	NA	TRUE
C01571_Decanoate	C01571	Capric acid	HMDB0000511	TRUE
C01909_Desthiobiotin	C01909	Dethiobiotin	HMDB0003581	TRUE
C00286_dGTP	C00286	dGTP	HMDB0001440	TRUE
_Diazoxide	NA	Diazoxide	HMDB0015251	TRUE
C06772_Diethanolamine	C06772	Diethanolamine	HMDB0004437	TRUE
C02273_Digalacturonate	C02273	Digalacturonic acid	HMDB0039721	TRUE
C00337_Dihydroorotate	C00337	4,5-Dihydroorotic acid	HMDB0000528	TRUE
C00429_Dihydrouracil	C00429	Dihydrouracil	HMDB0000076	TRUE
C02678_Dodecanedioate	C02678	Dodecanedioic acid	HMDB0000623	TRUE
C02679_Dodecanoate	C02679	Dodecanoic acid	HMDB0000638	TRUE
C00355_DOPA	C00355	DL-Dopa	HMDB0000609	TRUE
C03758_Dopamine	C03758	Dopamine	HMDB0000073	TRUE
C00363_dTDP	C00363	dTDP	HMDB0001274	TRUE
C00364_dTMP	C00364	5-Thymidylic acid	HMDB0001227	TRUE
C01346_dUDP	C01346	dUDP	HMDB0001000	TRUE
C06231_Ectoine	C06231	Ectoine	METPA0797	TRUE
C00788_Epinephrine	C00788	Epinephrine	HMDB0000068	TRUE
C00346_Ethanolamine phosphate	C00346	O-Phosphoethanolamine	HMDB0000224	TRUE
C00354_F1,6P	C00354	NA	HMDB0001058	TRUE
C00085_F6P	C00085	NA	HMDB0000124	TRUE
C00016_FAD	C00016	FAD	HMDB0001248	TRUE
C00122_Fumarate	C00122	Fumaric acid	HMDB0000134	TRUE
C00103_G1P	C00103	NA	HMDB0001586	TRUE
C00661_G3P	C00661	3-Phosphoglyceric acid	HMDB0000807	FALSE
C00092_G6P	C00092	NA	HMDB0001401	TRUE
C00334_GABA	C00334	Gamma-Aminobutyric acid	HMDB0000112	TRUE
C04037_Galacturonate 1-phosphate	C04037	NA	NA	TRUE
C01181_gamma-Butyrobetaine	C01181	4-Trimethylammoniobutanoic acid	HMDB0001161	TRUE
gamma-Glu-2AB	NA	NA	NA	TRUE
C01035_gamma-Guanidinobutyrate	C01035	4-Guanidinobutanoic acid	HMDB0003464	TRUE
C00035_GDP	C00035	Guanosine diphosphate	HMDB0001201	TRUE
C00064_Gln	C00064	NA	HMDB0000641	TRUE
C00025_Glu	C00025	L-Glutamic acid	HMDB0000148	TRUE
C01425_Glu-Glu	C01425	Glutamylglutamic acid	HMDB0028818	TRUE
C00257_Gluconate	C00257	Gluconic acid	HMDB0000625	TRUE
C03752_Glucosaminate	C03752	2-Amino-2-deoxy-D-gluconate	METPA0433	TRUE
C00329_Glucosamine	C00329	Glucosamine	HMDB0001514	TRUE
C00352_Glucosamine 6-phosphate	C00352	Glucosamine 6-phosphate	HMDB0001254	TRUE
C00191_Glucuronate	C00191	Glucuronic acid	HMDB0000127	TRUE
C00489_Glutarate	C00489	Glutaric acid	HMDB0000661	TRUE
C00127_Glutathione(ox)	C00127	NA	HMDB0003337	TRUE
C00051_Glutathione(red)	C00051	NA	HMDB0000125	TRUE
C00037_Gly	C00037	Glycine	HMDB0000123	TRUE
C02037_Gly-Gly	C02037	Glycyl-glycine	HMDB0011733	TRUE
C02155_Gly-Leu	C02155	Glycylleucine	HMDB0000759	TRUE
C00258_Glycerate	C00258	Glyceric acid	HMDB0000139	TRUE
C00093_Glycerophosphate	C00093	Glycerol 3-phosphate	HMDB0000126	TRUE
C00670_Glycerophosphorylcholine	C00670	Glycerophosphocholine	HMDB0000086	TRUE
C01921_Glycocholate	C01921	Glycocholic acid	HMDB0000138	TRUE
C00160_Glycolate	C00160	Glycolate	NA	TRUE
C00048_Glyoxylate	C00048	Glyoxylic acid	HMDB0000119	TRUE
C00144_GMP	C00144	Guanosine monophosphate	HMDB0001397	TRUE
C08304_Gramine	C08304	NA	HMDB0035762	TRUE
C00044_GTP	C00044	Guanosine triphosphate	HMDB0001273	TRUE
C00581_Guanidinoacetate	C00581	Guanidoacetic acid	HMDB0000128	TRUE
C03139_Guanidinosuccinate	C03139	Guanidinosuccinic acid	HMDB0003157	TRUE
C00242_Guanine	C00242	Guanine	HMDB0000132	TRUE
C00387_Guanosine	C00387	Guanosine	HMDB0000133	TRUE
C09209_Harman	C09209	Harman	HMDB0035196	TRUE
C17714_Heptanoate	C17714	Heptanoic acid	HMDB0000666	TRUE
C01585_Hexanoate	C01585	Caproic acid	HMDB0000535	TRUE
C08306_Hexylamine	C08306	Hexylamine	HMDB0032323	TRUE
C01586_Hippurate	C01586	Hippuric acid	HMDB0000714	TRUE
C00135_His	C00135	L-Histidine	HMDB0000177	TRUE
C00388_Histamine	C00388	Histamine	HMDB0000870	TRUE
C00860_Histidinol	C00860	L-Histidinol	HMDB0003431	TRUE
C00884_Homocarnosine	C00884	Homocarnosine	HMDB0000745	TRUE
C01817_Homocystine	C01817	DL-Homocystine	HMDB0000575	TRUE
C00263_Homoserine	C00263	L-Homoserine	HMDB0000719	TRUE
C05582_Homovanillate	C05582	Homovanillic acid	HMDB0000118	TRUE
C01015_Hydroxyproline	C01015	Hydroxyproline	HMDB0240251	FALSE
C07044_Hydroxyurea	C07044	Hydroxyurea	HMDB0015140	TRUE
C00519_Hypotaurine	C00519	Hypotaurine	HMDB0000965	TRUE
C00262_Hypoxanthine	C00262	Hypoxanthine	HMDB0000157	TRUE
C00104_IDP	C00104	IDP	HMDB0003335	TRUE
C00407_Ile	C00407	L-Isoleucine	HMDB0000172	TRUE
C02835_Imidazole-4-acetate	C02835	Imidazoleacetic acid	HMDB0002024	TRUE
C00130_IMP	C00130	IMP	HMDB0015536	TRUE
C00637_Indole-3-acetaldehyde	C00637	Indoleacetaldehyde	HMDB0001190	TRUE
C02693_Indole-3-acetamide	C02693	1H-Indole-3-acetamide	HMDB0029739	TRUE
C00954_Indole-3-acetate	C00954	Indoleacetic acid	HMDB0000197	TRUE
C00955_Indole-3-ethanol	C00955	Tryptophanol	HMDB0003447	TRUE
C00294_Inosine	C00294	Inosine	HMDB0000195	TRUE
C05123_Isethionate	C05123	2-Hydroxyethanesulfonate	HMDB0003903	TRUE
C02640_Isoamylamine	C02640	3-Methyl-1-butylamine	HMDB0031659	TRUE
C02787_Isobutylamine	C02787	2-Methyl-1-propylamine	HMDB0034198	TRUE
C00630_Isobutyryl CoA	C00630	NA	HMDB0001243	TRUE
C00311_Isocitrate	C00311	Isocitric acid	HMDB0000193	TRUE
C02421_Isonicotinamide	C02421	NA	NA	TRUE
C05771_Isopropanolamine	C05771	1-Amino-propan-2-ol	HMDB0012136	TRUE
C08262_Isovalerate	C08262	Isovaleric acid	HMDB0000718	TRUE
C00490_Itaconate	C00490	Itaconic acid	HMDB0002092	TRUE
C00328_Kynurenine	C00328	L-Kynurenine	HMDB0000684	TRUE
C00186_Lactate	C00186	L-Lactic acid	HMDB0000190	TRUE
C00123_Leu	C00123	L-Leucine	HMDB0000687	TRUE
C11331_Leu-Leu-Tyr	C11331	Leu-Leu-Tyr	NA	TRUE
C00047_Lys	C00047	L-Lysine	HMDB0000182	TRUE
C01930_Lysinamide	C01930	Lysinamide	NA	TRUE
C00587_m-Hydroxybenzoate	C00587	3-Hydroxybenzoic acid	HMDB0002466	TRUE
C00711_Malate	C00711	L-Malic acid	HMDB0000156	FALSE
C00383_Malonate	C00383	Malonate	NA	TRUE
C00083_Malonyl CoA	C00083	Malonyl-CoA	HMDB0001175	TRUE
C03570_Mannosamine	C03570	NA	NA	TRUE
C08737_Melamine	C08737	NA	HMDB0041922	TRUE
C01598_Melatonin	C01598	Melatonin	HMDB0001389	TRUE
C00073_Met	C00073	L-Methionine	HMDB0000696	TRUE
C07151_Metformin	C07151	1,1-Dimethylbiguanide	HMDB0001921	TRUE
C11145_Methanesulfonate	C11145	Methanesulfonic acid	HMDB0240280	TRUE
C02989_Methionine sulfoxide	C02989	Methionine sulfoxide	HMDB0002005	TRUE
C02704_Methyl sulfate	C02704	Methyl sulfate	NA	TRUE
C02294_Methylguanidine	C02294	Methylguanidine	HMDB0001522	TRUE
C00879_Mucate	C00879	Galactaric acid	HMDB0000639	TRUE
C06470_Muramate	C06470	Muramic acid	HMDB0003254	TRUE
C08311_Muscimol	C08311	NA	NA	TRUE
C01073_N-Acetyl-beta-alanine	C01073	N-Acetyl-beta-alanine	HMDB0061880	TRUE
C01042_N-Acetylaspartate	C01042	N-Acetyl-L-aspartic acid	HMDB0000812	TRUE
C00140_N-Acetylglucosamine	C00140	N-Acetyl-D-glucosamine	HMDB0000215	TRUE
C04501_N-Acetylglucosamine 1-phosphate	C04501	NA	HMDB0001367	FALSE
C00357_N-Acetylglucosamine 6-phosphate	C00357	N-Acetylglucosamine 6-phosphate	HMDB0002817	TRUE
C01239_N-Acetylglucosylamine	C01239	NA	HMDB0001104	TRUE
C00624_N-Acetylglutamate	C00624	N-Acetylglutamic acid	HMDB0001138	TRUE
C02997_N-Acetylhistidine	C02997	N-Acetylhistidine	HMDB0032055	TRUE
C02710_N-Acetylleucine	C02710	N-Acetylleucine	HMDB0011756	TRUE
C02712_N-Acetylmethionine	C02712	N-Acetylmethionine	HMDB0011745	TRUE
C02713_N-Acetylmuramate	C02713	N-Acetylmuramic acid	HMDB0060493	TRUE
C00270_N-Acetylneuraminate	C00270	N-Acetylneuraminate	NA	FALSE
C00437_N-Acetylornithine	C00437	N-Acetylornithine	HMDB0003357	TRUE
C03519_N-Acetylphenylalanine	C03519	N-Acetyl-L-phenylalanine	HMDB0000512	TRUE
C02714_N-Acetylputrescine	C02714	N-Acetylputrescine	HMDB0002064	TRUE
N-Acetylvaline	NA	N-Acetylvaline	HMDB0011757	TRUE
C01670_N-alpha-Benzenolarginine ethylester	C01670	NA	NA	TRUE
C04259_N-alpha,N-alpha-Dimethylhistidine	C04259	NA	NA	TRUE
n-Butyl a-Picolinate	NA	NA	NA	TRUE
C05829_N-Carbamylglutamate	C05829	Carglumic acid	HMDB0015673	TRUE
C02727_N-epsilon-Acetyllysine	C02727	N6-Acetyl-L-lysine	HMDB0000206	TRUE
C01044_N-Formylaspartate	C01044	NA	HMDB0060495	TRUE
C03145_N-Formylmethionine	C03145	NA	HMDB0001015	TRUE
C01047_N-gamma-Ethylglutamine	C01047	NA	HMDB0034365	TRUE
C02721_N-Methylalanine	C02721	N-Methylalanine	HMDB0094692	TRUE
C02299_N-Methylaniline	C02299	N-Methylaniline	NA	TRUE
C01046_N-Methylglutamate	C01046	N-methyl-L-glutamic Acid	HMDB0062660	TRUE
C06213_N-omega-Methyltryptamine	C06213	N-Methyltryptamine	HMDB0004370	TRUE
C01026_N,N-Dimethylglycine	C01026	Dimethylglycine	HMDB0000092	TRUE
C00612_N1-Acetylspermidine	C00612	N1-Acetylspermidine	HMDB0001276	TRUE
C02567_N1-Acetylspermine	C02567	N1-Acetylspermine	HMDB0001186	FALSE
C02567_N1-Acetylspermine_div	C02567	NA	HMDB0001186	FALSE
C03413_N1,N12-Diacetylspermine	C03413	N1,N12-Diacetylspermine	HMDB0002172	TRUE
N1,N8-Diacetylspermidine	NA	N1,N8-Diacetylspermidine	HMDB0041947	TRUE
C03795_N6-Methyl-2'-deoxyadenosine	C03795	N6-Methyl-2'-deoxyadenosine	NA	TRUE
C03793_N6,N6,N6-Trimethyllysine	C03793	NA	HMDB0001325	TRUE
C01029_N8-Acetylspermidine	C01029	N8-Acetylspermidine	HMDB0002189	TRUE
C00003_NAD+	C00003	"NADH"	HMDB0000902	TRUE
C00006_NADP+	C00006	"NADPH"	HMDB0000217	TRUE
C00153_Nicotinamide	C00153	Niacinamide	HMDB0001406	TRUE
C00253_Nicotinate	C00253	Nicotinic acid	HMDB0001488	TRUE
C00745_Nicotine	C00745	Nicotine	HMDB0001934	FALSE
C00547_Noradrenaline	C00547	Norepinephrine	HMDB0000216	TRUE
C06524_Nornicotine	C06524	Nornicotine	HMDB0001126	TRUE
C02571_o-Acetylcarnitine	C02571	L-Acetylcarnitine	HMDB0000201	TRUE
C00979_O-Acetylserine	C00979	O-Acetylserine	HMDB0003011	TRUE
C01772_o-Coumarate	C01772	3-(2-hydroxyphenyl)prop-2-enoic acid	HMDB0002641	TRUE
C00805_o-Hydroxybenzoate	C00805	Salicylic acid	HMDB0001895	TRUE
C07588_o-Hydroxyhippurate	C07588	Salicyluric acid	HMDB0000840	TRUE
C01005_O-Phosphoserine	C01005	Phosphoserine	HMDB0000272	TRUE
C01118_o-Succinylhomoserine	C01118	o-Succinylhomoserine	NA	TRUE
C06423_Octanoate	C06423	Caprylic acid	HMDB0000482	TRUE
C04137_Octopine	C04137	Octopine	NA	TRUE
Ophthalmate	NA	Ophthalmic acid	HMDB0005765	TRUE
C00077_Ornithine	C00077	Ornithine	HMDB0000214	TRUE
C00295_Orotate	C00295	Orotic acid	HMDB0000226	TRUE
C00568_p-Aminobenzoate	C00568	p-Aminobenzoic acid	HMDB0001392	TRUE
C00811_p-Coumarate	C00811	4-Hydroxycinnamic acid	HMDB0002035	TRUE
C00156_p-Hydroxybenzoate	C00156	4-Hydroxybenzoic acid	HMDB0000500	TRUE
C00642_p-Hydroxyphenylacetate	C00642	p-Hydroxyphenylacetic acid	HMDB0000020	TRUE
C00864_Pantothenate	C00864	Pantothenic acid	HMDB0000210	TRUE
C01601_Pelargonate	C01601	Pelargonic acid	HMDB0000847	TRUE
C00074_PEP	C00074	Phosphoenolpyruvic acid	HMDB0000263	TRUE
C00079_Phe	C00079	L-Phenylalanine	HMDB0000159	TRUE
Phe-Phe	NA	Phe-Phe	HMDB0013302	TRUE
C05598_Phenaceturate	C05598	Phenylacetylglycine	HMDB0000821	TRUE
C05332_Phenethylamine	C05332	Phenylethylamine	HMDB0012275	TRUE
C02734_Phenyl phosphate	C02734	Phenyl phosphate	NA	TRUE
C02735_Phenylethanolamine	C02735	2-Hydroxyphenethylamine	HMDB0001065	TRUE
C00166_Phenylpyruvate	C00166	Phenylpyruvic acid	HMDB0000205	TRUE
C05682_Phosphonoacetate	C05682	Phosphonoacetate	HMDB0004110	TRUE
C00588_Phosphorylcholine	C00588	Phosphorylcholine	HMDB0001565	TRUE
C01606_Phthalate	C01606	Phthalic acid	HMDB0002107	TRUE
C02656_Pimelate	C02656	Pimelic acid	HMDB0000857	TRUE
C00408_Pipecolate	C00408	Pipecolic acid	HMDB0000070	TRUE
C00931_Porphobilinogen	C00931	Porphobilinogen	HMDB0000245	TRUE
C00148_Pro	C00148	NA	HMDB0000162	TRUE
C10172_Proline betaine	C10172	Stachydrine	HMDB0004827	TRUE
C00163_Propionate	C00163	Propionic acid	HMDB0000237	TRUE
C00584_Prostaglandin E2	C00584	Prostaglandin E2	HMDB0001220	TRUE
C00639_Prostaglandin F2alpha	C00639	Prostaglandin F2a	HMDB0001139	TRUE
C10865_Pseudopelletierine	C10865	psi-Pelletierine	HMDB0034580	TRUE
C00715_Pterin	C00715	Pterin	HMDB0000802	TRUE
C01736_Purine riboside	C01736	Nebularine	HMDB0029956	TRUE
C00134_Putrescine	C00134	Putrescine	HMDB0001414	TRUE
C00250_Pyridoxal	C00250	Pyridoxal	HMDB0001545	TRUE
C00534_Pyridoxamine	C00534	Pyridoxamine	HMDB0001431	TRUE
C00647_Pyridoxamine 5'-phosphate	C00647	Pyridoxamine 5'-phosphate	HMDB0001555	TRUE
C00314_Pyridoxine	C00314	Pyridoxine	HMDB0000239	TRUE
C00022_Pyruvate	C00022	Pyruvic acid	HMDB0000243	TRUE
C00296_Quinate	C00296	Quinic acid	HMDB0003072	FALSE
C00255_Riboflavin	C00255	Riboflavin	HMDB0000244	TRUE
C00199_Ru5P	C00199	NA	HMDB0000618	TRUE
C03451_S-Lactoylglutathione	C03451	S-Lactoylglutathione	HMDB0001066	TRUE
C03172_S-Methylmethionine	C03172	NA	HMDB0038670	TRUE
C05382_S7P	C05382	NA	HMDB0001068	TRUE
C00818_Saccharate	C00818	Glucaric acid	HMDB0000663	TRUE
C00449_Saccharopine	C00449	Saccharopine	HMDB0000279	TRUE
C00021_SAH	C00021	S-Adenosylhomocysteine	HMDB0000939	TRUE
C00019_SAM+	C00019	NA	HMDB0001185	TRUE
C00213_Sarcosine	C00213	Sarcosine	HMDB0000271	TRUE
SDMA	NA	Symmetric dimethylarginine	HMDB0003334	TRUE
C08277_Sebacate	C08277	Sebacic acid	HMDB0000792	TRUE
C00835_Sepiapterin	C00835	Sepiapterin	HMDB0000238	TRUE
C00065_Ser	C00065	L-Serine	HMDB0000187	TRUE
C02703_Serine O-sulfate	C02703	NA	NA	TRUE
C00780_Serotonin	C00780	Serotonin	HMDB0000259	TRUE
C00493_Shikimate	C00493	Shikimic acid	HMDB0003070	TRUE
C00482_Sinapate	C00482	Sinapic acid	HMDB0032616	TRUE
C01096_Sorbitol 6-phosphate	C01096	Sorbitol-6-phosphate	HMDB0005831	FALSE
C00315_Spermidine	C00315	Spermidine	HMDB0001257	TRUE
C00750_Spermine	C00750	Spermine	HMDB0001256	TRUE
C00042_Succinate	C00042	Succinic acid	HMDB0000254	TRUE
C04548_Synephrine	C04548	p-Synephrine	HMDB0004826	TRUE
C10833_Syringate	C10833	Syringic acid	HMDB0002085	TRUE
C00898_Tartrate	C00898	Tartaric acid	HMDB0000956	TRUE
C00245_Taurine	C00245	Taurine	HMDB0000251	TRUE
C05122_Taurocholate	C05122	Taurocholic acid	HMDB0000036	TRUE
C01959_Taurocyamine	C01959	Taurocyamine	HMDB0003584	TRUE
C06337_Terephthalate	C06337	Terephthalate	HMDB0061917	TRUE
C02890_Tetrahydropalmatine	C02890	Tetrahydropalmatine	NA	TRUE
C00378_Thiamine	C00378	Thiamine	HMDB0000235	TRUE
C01081_Thiamine monophosphate	C01081	Thiamine monophosphate	HMDB0002666	TRUE
C00188_Thr	C00188	L-Threonine	HMDB0000167	TRUE
C03618_threo-beta-methylaspartate	C03618	NA	NA	TRUE
C01620_Threonate	C01620	Threonic acid	HMDB0000943	TRUE
C00214_Thymidine	C00214	Thymidine	HMDB0000273	TRUE
C00178_Thymine	C00178	Thymine	HMDB0000262	TRUE
C01494_trans-4-Hydroxy-3-methoxycinnamate	C01494	trans-Ferulic acid	HMDB0000954	TRUE
C02341_trans-Aconitate	C02341	trans-Aconitic acid	HMDB0000958	TRUE
C00423_trans-Cinnamate	C00423	trans-Cinnamate	NA	TRUE
C00371_trans-Zeatin	C00371	Cis-zeatin	HMDB0012204	TRUE
C00689_Trehalose 6-phosphate	C00689	Trehalose 6-phosphate	HMDB0001124	TRUE
C03958_TRH	C03958	NA	HMDB0060080	TRUE
C01004_Trigonelline	C01004	Trigonelline	HMDB0000875	TRUE
C01104_Trimethylamine N-oxide	C01104	Trimethylamine N-oxide	HMDB0000925	TRUE
C01008_Trimethylsulfonium	C01008	Trimethyl sulfonium	HMDB0012295	TRUE
C00729_Tropine	C00729	Tropine	METPA0074	TRUE
C00783_Tropinone	C00783	Tropinone	METPA0078	TRUE
C00078_Trp	C00078	L-Tryptophan	HMDB0000929	TRUE
C00398_Tryptamine	C00398	Tryptamine	HMDB0000303	TRUE
C00082_Tyr	C00082	L-Tyrosine	HMDB0000158	TRUE
C00483_Tyramine	C00483	Tyramine	HMDB0000306	TRUE
C00015_UDP	C00015	Uridine 5'-diphosphate	HMDB0000295	TRUE
C00029_UDP-glucose	C00029	Uridine diphosphate glucose	HMDB0000286	TRUE
C00167_UDP-glucuronate	C00167	Uridine diphosphate glucuronic acid	HMDB0000935	TRUE
C00043_UDP-N-acetylglucosamine	C00043	Uridine diphosphate-N-acetylglucosamine	HMDB0000290	TRUE
C00105_UMP	C00105	Uridine 5'-monophosphate	HMDB0000288	TRUE
C17715_Undecanoate	C17715	Undecanoic acid	HMDB0000947	TRUE
C00106_Uracil	C00106	Uracil	HMDB0000300	TRUE
C00366_Urate	C00366	Uric acid	HMDB0000289	TRUE
C00086_Urea	C00086	Urea	HMDB0000294	TRUE
C00299_Uridine	C00299	Uridine	HMDB0000296	TRUE
C00785_Urocanate	C00785	Urocanic acid	HMDB0000301	TRUE
C00075_UTP	C00075	Uridine triphosphate	HMDB0000285	TRUE
C00183_Val	C00183	L-Valine	HMDB0000883	TRUE
C00803_Valerate	C00803	Valeric acid	HMDB0000892	TRUE
C00385_Xanthine	C00385	Xanthine	HMDB0000292	TRUE
Xanthopterin	NA	Xanthopterin	NA	TRUE
C01762_Xanthosine	C01762	Xanthosine	HMDB0000299	TRUE
C02470_Xanthurenate	C02470	Xanthurenic acid	HMDB0000881	TRUE
C00655_XMP	C00655	Xanthylic acid	HMDB0001554	TRUE
