Sample	k__Bacteria|p__Actinobacteria|c__Actinobacteria|o__Actinomycetales|f__Actinomycetaceae|g__Actinomyces	k__Bacteria|p__Actinobacteria|c__Actinobacteria|o__Actinomycetales|f__Actinomycetaceae|g__Varibaculum	k__Bacteria|p__Actinobacteria|c__Actinobacteria|o__Bifidobacteriales|f__Bifidobacteriaceae|g__Bifidobacterium	k__Bacteria|p__Actinobacteria|c__Actinobacteria|o__Bifidobacteriales|f__Bifidobacteriaceae|g__Scardovia	k__Bacteria|p__Actinobacteria|c__Actinobacteria|o__Corynebacteriales|f__Corynebacteriaceae|g__Lawsonella	k__Bacteria|p__Actinobacteria|c__Actinobacteria|o__Coriobacteriales|f__Coriobacteriaceae|g__Collinsella	k__Bacteria|p__Actinobacteria|c__Coriobacteriia|o__Coriobacteriales|f__Coriobacteriaceae|g__Enorma	k__Bacteria|p__Actinobacteria|c__Coriobacteriia|o__Coriobacteriales|f__Coriobacteriales Incertae Sedis|__	k__Bacteria|p__Actinobacteria|c__Coriobacteriia|o__Coriobacteriales|f__Coriobacteriales Incertae Sedis|g__Raoultibacter	k__Bacteria|p__Actinobacteria|c__Coriobacteriia|o__Coriobacteriales|f__Eggerthellaceae|__	k__Bacteria|p__Actinobacteria|c__Actinobacteria|o__Coriobacteriales|f__Coriobacteriaceae|g__Adlercreutzia	k__Bacteria|p__Actinobacteria|c__Actinobacteria|o__Coriobacteriales|f__Coriobacteriaceae|g__Eggerthella	k__Bacteria|p__Actinobacteria|c__Actinobacteria|o__Coriobacteriales|f__Coriobacteriaceae|g__Gordonibacter	k__Bacteria|p__Actinobacteria|c__Coriobacteriia|o__Coriobacteriales|f__Eggerthellaceae|g__Paraeggerthella	k__Bacteria|p__Actinobacteria|c__Actinobacteria|o__Coriobacteriales|f__Coriobacteriaceae|g__Slackia	k__Bacteria|p__Bacteroidetes|c__Bacteroidia|o__Bacteroidales|__|__	k__Bacteria|p__Bacteroidetes|c__Bacteroidia|o__Bacteroidales|f__Bacteroidaceae|g__Bacteroides	k__Bacteria|p__Bacteroidetes|c__Bacteroidia|o__Bacteroidales|f__Barnesiellaceae|__	k__Bacteria|p__Bacteroidetes|c__Bacteroidia|o__Bacteroidales|f__Porphyromonadaceae|g__Barnesiella	k__Bacteria|p__Bacteroidetes|c__Bacteroidia|o__Bacteroidales|f__Porphyromonadaceae|g__Coprobacter	k__Bacteria|p__Bacteroidetes|c__Bacteroidia|o__Bacteroidales|f__Porphyromonadaceae|g__Butyricimonas	k__Bacteria|p__Bacteroidetes|c__Bacteroidia|o__Bacteroidales|f__Porphyromonadaceae|g__Odoribacter	k__Bacteria|p__Bacteroidetes|c__Bacteroidia|o__Bacteroidales|f__Muribaculaceae|__	k__Bacteria|p__Bacteroidetes|c__Bacteroidia|o__Bacteroidales|f__Prevotellaceae|__	k__Bacteria|p__Bacteroidetes|c__Bacteroidia|o__Bacteroidales|f__Prevotellaceae|g__Alloprevotella	k__Bacteria|p__Bacteroidetes|c__Bacteroidia|o__Bacteroidales|f__Prevotellaceae|g__Paraprevotella	k__Bacteria|p__Bacteroidetes|c__Bacteroidia|o__Bacteroidales|f__Prevotellaceae|g__Prevotella	k__Bacteria|p__Bacteroidetes|c__Bacteroidia|o__Bacteroidales|f__Prevotellaceae|g__Prevotellaceae NK3B31 group	k__Bacteria|p__Bacteroidetes|c__Bacteroidia|o__Bacteroidales|f__Rikenellaceae|g__Alistipes	k__Bacteria|p__Bacteroidetes|c__Bacteroidia|o__Bacteroidales|f__Rikenellaceae|g__Rikenellaceae RC9 gut group	k__Bacteria|p__Bacteroidetes|c__Bacteroidia|o__Bacteroidales|f__Tannerellaceae|__	k__Bacteria|p__Bacteroidetes|c__Bacteroidia|o__Bacteroidales|f__Porphyromonadaceae|g__Parabacteroides	k__Bacteria|p__Cyanobacteria|c__Melainabacteria|o__Gastranaerophilales|__|__	k__Bacteria|p__Cyanobacteria|c__Oxyphotobacteria|o__Chloroplast|__|__	k__Bacteria|p__Proteobacteria|c__Epsilonproteobacteria|o__Campylobacterales|f__Campylobacteraceae|g__Campylobacter	k__Bacteria|p__Firmicutes|__|__|__|__	k__Bacteria|p__Firmicutes|c__Bacilli|__|__|__	k__Bacteria|p__Firmicutes|c__Bacilli|o__Bacillales|f__Bacillales_noname|g__Gemella	k__Bacteria|p__Firmicutes|c__Bacilli|o__Lactobacillales|__|__	k__Bacteria|p__Firmicutes|c__Bacilli|o__Lactobacillales|f__Carnobacteriaceae|g__Granulicatella	k__Bacteria|p__Firmicutes|c__Bacilli|o__Lactobacillales|f__Enterococcaceae|g__Enterococcus	k__Bacteria|p__Firmicutes|c__Bacilli|o__Lactobacillales|f__Lactobacillaceae|g__Lactobacillus	k__Bacteria|p__Firmicutes|c__Bacilli|o__Lactobacillales|f__Streptococcaceae|g__Lactococcus	k__Bacteria|p__Firmicutes|c__Bacilli|o__Lactobacillales|f__Streptococcaceae|g__Streptococcus	k__Bacteria|p__Firmicutes|c__Clostridia|o__Clostridiales|__|__	k__Bacteria|p__Firmicutes|c__Clostridia|o__Clostridiales|f__Christensenellaceae|__	k__Bacteria|p__Firmicutes|c__Clostridia|o__Clostridiales|f__Christensenellaceae|g__Catabacter	k__Bacteria|p__Firmicutes|c__Clostridia|o__Clostridiales|f__Christensenellaceae|g__Christensenella	k__Bacteria|p__Firmicutes|c__Clostridia|o__Clostridiales|f__Christensenellaceae|g__Christensenellaceae R-7 group	k__Bacteria|p__Firmicutes|c__Clostridia|o__Clostridiales|f__Clostridiaceae 1|g__Sarcina	k__Bacteria|p__Firmicutes|c__Clostridia|o__Clostridiales|f__Clostridiaceae|__	k__Bacteria|p__Firmicutes|c__Clostridia|o__Clostridiales|f__Clostridiaceae|g__Clostridium	k__Bacteria|p__Firmicutes|c__Clostridia|o__Clostridiales|f__Clostridiales vadinBB60 group|__	k__Bacteria|p__Firmicutes|c__Clostridia|o__Clostridiales|f__Clostridiales vadinBB60 group|g__uncultured Thermoanaerobacterales bacterium	k__Bacteria|p__Firmicutes|c__Clostridia|o__Clostridiales|f__Defluviitaleaceae|g__Defluviitaleaceae UCG-011	k__Bacteria|p__Firmicutes|c__Clostridia|o__Clostridiales|f__Eubacteriaceae|g__Anaerofustis	k__Bacteria|p__Firmicutes|c__Clostridia|o__Clostridiales|f__Eubacteriaceae|g__Eubacterium	k__Bacteria|p__Firmicutes|c__Clostridia|o__Clostridiales|f__Clostridiales_Family_XI_Incertae_Sedis|g__Anaerococcus	k__Bacteria|p__Firmicutes|c__Clostridia|o__Clostridiales|f__Family XI|g__Ezakiella	k__Bacteria|p__Firmicutes|c__Clostridia|o__Clostridiales|f__Clostridiales_Family_XI_Incertae_Sedis|g__Finegoldia	k__Bacteria|p__Firmicutes|c__Clostridia|o__Clostridiales|f__Family XI|g__Gallicola	k__Bacteria|p__Firmicutes|c__Clostridia|o__Clostridiales|f__Family XI|g__Murdochiella	k__Bacteria|p__Firmicutes|c__Clostridia|o__Clostridiales|f__Clostridiales_Family_XI_Incertae_Sedis|g__Parvimonas	k__Bacteria|p__Firmicutes|c__Clostridia|o__Clostridiales|f__Clostridiales_Family_XI_Incertae_Sedis|g__Peptoniphilus	k__Bacteria|p__Firmicutes|c__Clostridia|o__Clostridiales|f__Family XI|g__W5053	k__Bacteria|p__Firmicutes|c__Clostridia|o__Clostridiales|f__Family XIII|__	k__Bacteria|p__Firmicutes|c__Clostridia|o__Clostridiales|f__Family XIII|g__Anaerovorax	k__Bacteria|p__Firmicutes|c__Clostridia|o__Clostridiales|f__Family XIII|g__Family XIII AD3011 group	k__Bacteria|p__Firmicutes|c__Clostridia|o__Clostridiales|f__Family XIII|g__Family XIII UCG-001	k__Bacteria|p__Firmicutes|c__Clostridia|o__Clostridiales|f__Family XIII|g__Mogibacterium	k__Bacteria|p__Firmicutes|c__Clostridia|o__Clostridiales|f__Family XIII|g__S5-A14a	k__Bacteria|p__Firmicutes|c__Clostridia|o__Clostridiales|f__Lachnospiraceae|__	k__Bacteria|p__Firmicutes|c__Clostridia|o__Clostridiales|f__Lachnospiraceae|g__Acetitomaculum	k__Bacteria|p__Firmicutes|c__Clostridia|o__Clostridiales|f__Lachnospiraceae|g__Agathobacter	k__Bacteria|p__Firmicutes|c__Clostridia|o__Clostridiales|f__Lachnospiraceae|g__Anaerosporobacter	k__Bacteria|p__Firmicutes|c__Clostridia|o__Clostridiales|f__Lachnospiraceae|g__Anaerostipes	k__Bacteria|p__Firmicutes|c__Clostridia|o__Clostridiales|f__Lachnospiraceae|g__Blautia	k__Bacteria|p__Firmicutes|c__Clostridia|o__Clostridiales|f__Lachnospiraceae|g__Butyrivibrio	k__Bacteria|p__Firmicutes|c__Clostridia|o__Clostridiales|f__Lachnospiraceae|g__Coprococcus	k__Bacteria|p__Firmicutes|c__Clostridia|o__Clostridiales|f__Lachnospiraceae|g__Dorea	k__Bacteria|p__Firmicutes|c__Clostridia|o__Clostridiales|f__Lachnospiraceae|g__Eisenbergiella	k__Bacteria|p__Firmicutes|c__Clostridia|o__Clostridiales|f__Lachnospiraceae|g__Fusicatenibacter	k__Bacteria|p__Firmicutes|c__Clostridia|o__Clostridiales|f__Lachnospiraceae|g__GCA-900066575	k__Bacteria|p__Firmicutes|c__Clostridia|o__Clostridiales|f__Lachnospiraceae|g__GCA-900066755	k__Bacteria|p__Firmicutes|c__Clostridia|o__Clostridiales|f__Lachnospiraceae|g__Howardella	k__Bacteria|p__Firmicutes|c__Clostridia|o__Clostridiales|f__Lachnospiraceae|g__Hungatella	k__Bacteria|p__Firmicutes|c__Clostridia|o__Clostridiales|f__Lachnospiraceae|g__Incertae Sedis	k__Bacteria|p__Firmicutes|c__Clostridia|o__Clostridiales|f__Lachnospiraceae|g__Lachnoclostridium	k__Bacteria|p__Firmicutes|c__Clostridia|o__Clostridiales|f__Lachnospiraceae|g__Lachnospira	k__Bacteria|p__Firmicutes|c__Clostridia|o__Clostridiales|f__Lachnospiraceae|g__Lachnospiraceae AC2044 group	k__Bacteria|p__Firmicutes|c__Clostridia|o__Clostridiales|f__Lachnospiraceae|g__Lachnospiraceae FCS020 group	k__Bacteria|p__Firmicutes|c__Clostridia|o__Clostridiales|f__Lachnospiraceae|g__Lachnospiraceae NC2004 group	k__Bacteria|p__Firmicutes|c__Clostridia|o__Clostridiales|f__Lachnospiraceae|g__Lachnospiraceae ND3007 group	k__Bacteria|p__Firmicutes|c__Clostridia|o__Clostridiales|f__Lachnospiraceae|g__Lachnospiraceae NK4A136 group	k__Bacteria|p__Firmicutes|c__Clostridia|o__Clostridiales|f__Lachnospiraceae|g__Lachnospiraceae NK4B4 group	k__Bacteria|p__Firmicutes|c__Clostridia|o__Clostridiales|f__Lachnospiraceae|g__Lachnospiraceae UCG-001	k__Bacteria|p__Firmicutes|c__Clostridia|o__Clostridiales|f__Lachnospiraceae|g__Lachnospiraceae UCG-003	k__Bacteria|p__Firmicutes|c__Clostridia|o__Clostridiales|f__Lachnospiraceae|g__Lachnospiraceae UCG-004	k__Bacteria|p__Firmicutes|c__Clostridia|o__Clostridiales|f__Lachnospiraceae|g__Lachnospiraceae UCG-006	k__Bacteria|p__Firmicutes|c__Clostridia|o__Clostridiales|f__Lachnospiraceae|g__Lachnospiraceae UCG-008	k__Bacteria|p__Firmicutes|c__Clostridia|o__Clostridiales|f__Lachnospiraceae|g__Lachnospiraceae UCG-010	k__Bacteria|p__Firmicutes|c__Clostridia|o__Clostridiales|f__Lachnospiraceae|g__Marvinbryantia	k__Bacteria|p__Firmicutes|c__Clostridia|o__Clostridiales|f__Lachnospiraceae|g__Moryella	k__Bacteria|p__Firmicutes|c__Clostridia|o__Clostridiales|f__Lachnospiraceae|g__Murimonas	k__Bacteria|p__Firmicutes|c__Clostridia|o__Clostridiales|f__Lachnospiraceae|g__Roseburia	k__Bacteria|p__Firmicutes|c__Clostridia|o__Clostridiales|f__Lachnospiraceae|g__Sellimonas	k__Bacteria|p__Firmicutes|c__Clostridia|o__Clostridiales|f__Lachnospiraceae|g__Tyzzerella	k__Bacteria|p__Firmicutes|c__Clostridia|o__Clostridiales|f__Peptococcaceae|__	k__Bacteria|p__Firmicutes|c__Clostridia|o__Clostridiales|f__Peptococcaceae|g__Peptococcus	k__Bacteria|p__Firmicutes|c__Clostridia|o__Clostridiales|f__Peptostreptococcaceae|__	k__Bacteria|p__Firmicutes|c__Clostridia|o__Clostridiales|f__Peptostreptococcaceae|g__Clostridioides	k__Bacteria|p__Firmicutes|c__Clostridia|o__Clostridiales|f__Peptostreptococcaceae|g__Intestinibacter	k__Bacteria|p__Firmicutes|c__Clostridia|o__Clostridiales|f__Peptostreptococcaceae|g__Peptostreptococcus	k__Bacteria|p__Firmicutes|c__Clostridia|o__Clostridiales|f__Peptostreptococcaceae|g__Romboutsia	k__Bacteria|p__Firmicutes|c__Clostridia|o__Clostridiales|f__Peptostreptococcaceae|g__Terrisporobacter	k__Bacteria|p__Firmicutes|c__Clostridia|o__Clostridiales|f__Ruminococcaceae|__	k__Bacteria|p__Firmicutes|c__Clostridia|o__Clostridiales|f__Ruminococcaceae|g__Acetanaerobacterium	k__Bacteria|p__Firmicutes|c__Clostridia|o__Clostridiales|f__Ruminococcaceae|g__Anaerofilum	k__Bacteria|p__Firmicutes|c__Clostridia|o__Clostridiales|f__Ruminococcaceae|g__Anaerotruncus	k__Bacteria|p__Firmicutes|c__Clostridia|o__Clostridiales|f__Clostridiaceae|g__Butyricicoccus	k__Bacteria|p__Firmicutes|c__Clostridia|o__Clostridiales|f__Ruminococcaceae|g__Candidatus_Soleaferrea	k__Bacteria|p__Firmicutes|c__Clostridia|o__Clostridiales|f__Ruminococcaceae|g__Caproiciproducens	k__Bacteria|p__Firmicutes|c__Clostridia|o__Clostridiales|f__Ruminococcaceae|g__DTU089	k__Bacteria|p__Firmicutes|c__Clostridia|o__Clostridiales|f__Ruminococcaceae|g__Faecalibacterium	k__Bacteria|p__Firmicutes|c__Clostridia|o__Clostridiales|f__Clostridiales_noname|g__Flavonifractor	k__Bacteria|p__Firmicutes|c__Clostridia|o__Clostridiales|f__Ruminococcaceae|g__Fournierella	k__Bacteria|p__Firmicutes|c__Clostridia|o__Clostridiales|f__Ruminococcaceae|g__GCA-900066225	k__Bacteria|p__Firmicutes|c__Clostridia|o__Clostridiales|f__Ruminococcaceae|g__Intestinimonas	k__Bacteria|p__Firmicutes|c__Clostridia|o__Clostridiales|f__Ruminococcaceae|g__Negativibacillus	k__Bacteria|p__Firmicutes|c__Clostridia|o__Clostridiales|f__Oscillospiraceae|g__Oscillibacter	k__Bacteria|p__Firmicutes|c__Clostridia|o__Clostridiales|f__Ruminococcaceae|g__Oscillospira	k__Bacteria|p__Firmicutes|c__Clostridia|o__Clostridiales|f__Ruminococcaceae|g__Phocea	k__Bacteria|p__Firmicutes|c__Clostridia|o__Clostridiales|f__Clostridiales_noname|g__Pseudoflavonifractor	k__Bacteria|p__Firmicutes|c__Clostridia|o__Clostridiales|f__Ruminococcaceae|g__Ruminiclostridium	k__Bacteria|p__Firmicutes|c__Clostridia|o__Clostridiales|f__Ruminococcaceae|g__Ruminococcaceae NK4A214 group	k__Bacteria|p__Firmicutes|c__Clostridia|o__Clostridiales|f__Ruminococcaceae|g__Ruminococcaceae UCG-002	k__Bacteria|p__Firmicutes|c__Clostridia|o__Clostridiales|f__Ruminococcaceae|g__Ruminococcaceae UCG-003	k__Bacteria|p__Firmicutes|c__Clostridia|o__Clostridiales|f__Ruminococcaceae|g__Ruminococcaceae UCG-004	k__Bacteria|p__Firmicutes|c__Clostridia|o__Clostridiales|f__Ruminococcaceae|g__Ruminococcaceae UCG-005	k__Bacteria|p__Firmicutes|c__Clostridia|o__Clostridiales|f__Ruminococcaceae|g__Ruminococcaceae UCG-007	k__Bacteria|p__Firmicutes|c__Clostridia|o__Clostridiales|f__Ruminococcaceae|g__Ruminococcaceae UCG-009	k__Bacteria|p__Firmicutes|c__Clostridia|o__Clostridiales|f__Ruminococcaceae|g__Ruminococcaceae UCG-010	k__Bacteria|p__Firmicutes|c__Clostridia|o__Clostridiales|f__Ruminococcaceae|g__Ruminococcaceae UCG-011	k__Bacteria|p__Firmicutes|c__Clostridia|o__Clostridiales|f__Ruminococcaceae|g__Ruminococcaceae UCG-013	k__Bacteria|p__Firmicutes|c__Clostridia|o__Clostridiales|f__Ruminococcaceae|g__Ruminococcaceae UCG-014	k__Bacteria|p__Firmicutes|c__Clostridia|o__Clostridiales|f__Ruminococcaceae|g__Ruminococcus	k__Bacteria|p__Firmicutes|c__Clostridia|o__Clostridiales|f__Ruminococcaceae|g__Subdoligranulum	k__Bacteria|p__Firmicutes|c__Clostridia|o__DTU014|__|__	k__Bacteria|p__Firmicutes|c__Erysipelotrichia|o__Erysipelotrichales|f__Erysipelotrichaceae|__	k__Bacteria|p__Firmicutes|c__Erysipelotrichia|o__Erysipelotrichales|f__Erysipelotrichaceae|g__Asteroleplasma	k__Bacteria|p__Firmicutes|c__Erysipelotrichia|o__Erysipelotrichales|f__Erysipelotrichaceae|g__Candidatus_Stoquefichus	k__Bacteria|p__Firmicutes|c__Erysipelotrichia|o__Erysipelotrichales|f__Erysipelotrichaceae|g__Catenibacterium	k__Bacteria|p__Firmicutes|c__Erysipelotrichia|o__Erysipelotrichales|f__Erysipelotrichaceae|g__Coprobacillus	k__Bacteria|p__Firmicutes|c__Erysipelotrichia|o__Erysipelotrichales|f__Erysipelotrichaceae|g__Dielma	k__Bacteria|p__Firmicutes|c__Erysipelotrichia|o__Erysipelotrichales|f__Erysipelotrichaceae|g__Erysipelatoclostridium	k__Bacteria|p__Firmicutes|c__Erysipelotrichia|o__Erysipelotrichales|f__Erysipelotrichaceae|g__Erysipelotrichaceae UCG-003	k__Bacteria|p__Firmicutes|c__Erysipelotrichia|o__Erysipelotrichales|f__Erysipelotrichaceae|g__Erysipelotrichaceae UCG-004	k__Bacteria|p__Firmicutes|c__Erysipelotrichia|o__Erysipelotrichales|f__Erysipelotrichaceae|g__Faecalitalea	k__Bacteria|p__Firmicutes|c__Erysipelotrichia|o__Erysipelotrichales|f__Erysipelotrichaceae|g__Holdemanella	k__Bacteria|p__Firmicutes|c__Erysipelotrichia|o__Erysipelotrichales|f__Erysipelotrichaceae|g__Holdemania	k__Bacteria|p__Firmicutes|c__Erysipelotrichia|o__Erysipelotrichales|f__Erysipelotrichaceae|g__Merdibacter	k__Bacteria|p__Firmicutes|c__Erysipelotrichia|o__Erysipelotrichales|f__Erysipelotrichaceae|g__Solobacterium	k__Bacteria|p__Firmicutes|c__Erysipelotrichia|o__Erysipelotrichales|f__Erysipelotrichaceae|g__Turicibacter	k__Bacteria|p__Firmicutes|c__Negativicutes|o__Selenomonadales|f__Acidaminococcaceae|g__Acidaminococcus	k__Bacteria|p__Firmicutes|c__Negativicutes|o__Selenomonadales|f__Acidaminococcaceae|g__Phascolarctobacterium	k__Bacteria|p__Firmicutes|c__Negativicutes|o__Selenomonadales|f__Veillonellaceae|__	k__Bacteria|p__Firmicutes|c__Negativicutes|o__Selenomonadales|f__Veillonellaceae|g__Dialister	k__Bacteria|p__Firmicutes|c__Negativicutes|o__Selenomonadales|f__Veillonellaceae|g__Megamonas	k__Bacteria|p__Firmicutes|c__Negativicutes|o__Selenomonadales|f__Veillonellaceae|g__Megasphaera	k__Bacteria|p__Firmicutes|c__Negativicutes|o__Selenomonadales|f__Veillonellaceae|g__Mitsuokella	k__Bacteria|p__Firmicutes|c__Negativicutes|o__Selenomonadales|f__Veillonellaceae|g__Negativicoccus	k__Bacteria|p__Firmicutes|c__Negativicutes|o__Selenomonadales|f__Veillonellaceae|g__Veillonella	k__Bacteria|p__Fusobacteria|c__Fusobacteriia|o__Fusobacteriales|f__Fusobacteriaceae|g__Fusobacterium	k__Bacteria|p__Fusobacteria|c__Fusobacteriia|o__Fusobacteriales|f__Leptotrichiaceae|g__Leptotrichia	k__Bacteria|p__Patescibacteria|c__Saccharimonadia|o__Saccharimonadales|f__Saccharimonadaceae|__	k__Bacteria|p__Patescibacteria|c__Saccharimonadia|o__Saccharimonadales|f__Saccharimonadaceae|g__Candidatus Saccharimonas	k__Bacteria|p__Proteobacteria|c__Alphaproteobacteria|o__Rhodospirillales|__|__	k__Bacteria|p__Proteobacteria|c__Alphaproteobacteria|o__Rhodospirillales|f__Rhodospirillaceae|g__Azospirillum	k__Bacteria|p__Proteobacteria|c__Deltaproteobacteria|o__Desulfovibrionales|f__Desulfovibrionaceae|__	k__Bacteria|p__Proteobacteria|c__Deltaproteobacteria|o__Desulfovibrionales|f__Desulfovibrionaceae|g__Bilophila	k__Bacteria|p__Proteobacteria|c__Deltaproteobacteria|o__Desulfovibrionales|f__Desulfovibrionaceae|g__Desulfovibrio	k__Bacteria|p__Proteobacteria|c__Gammaproteobacteria|__|__|__	k__Bacteria|p__Proteobacteria|c__Gammaproteobacteria|o__Betaproteobacteriales|f__Burkholderiaceae|__	k__Bacteria|p__Proteobacteria|c__Betaproteobacteria|o__Burkholderiales|f__Comamonadaceae|g__Comamonas	k__Bacteria|p__Proteobacteria|c__Betaproteobacteria|o__Burkholderiales|f__Oxalobacteraceae|g__Oxalobacter	k__Bacteria|p__Proteobacteria|c__Betaproteobacteria|o__Burkholderiales|f__Sutterellaceae|g__Parasutterella	k__Bacteria|p__Proteobacteria|c__Gammaproteobacteria|o__Betaproteobacteriales|f__Burkholderiaceae|g__Ralstonia	k__Bacteria|p__Proteobacteria|c__Betaproteobacteria|o__Burkholderiales|f__Sutterellaceae|g__Sutterella	k__Bacteria|p__Proteobacteria|c__Betaproteobacteria|o__Neisseriales|f__Neisseriaceae|g__Neisseria	k__Bacteria|p__Proteobacteria|c__Gammaproteobacteria|o__Enterobacteriales|f__Enterobacteriaceae|__	k__Bacteria|p__Proteobacteria|c__Gammaproteobacteria|o__Enterobacteriales|f__Enterobacteriaceae|g__Escherichia-Shigella	k__Bacteria|p__Proteobacteria|c__Gammaproteobacteria|o__Enterobacteriales|f__Enterobacteriaceae|g__Klebsiella	k__Bacteria|p__Proteobacteria|c__Gammaproteobacteria|o__Enterobacteriales|f__Enterobacteriaceae|g__Proteus	k__Bacteria|p__Proteobacteria|c__Gammaproteobacteria|o__Pasteurellales|f__Pasteurellaceae|__	k__Bacteria|p__Proteobacteria|c__Gammaproteobacteria|o__Pasteurellales|f__Pasteurellaceae|g__Actinobacillus	k__Bacteria|p__Proteobacteria|c__Gammaproteobacteria|o__Pasteurellales|f__Pasteurellaceae|g__Haemophilus	k__Bacteria|p__Synergistetes|c__Synergistia|o__Synergistales|f__Synergistaceae|g__Cloacibacillus	k__Bacteria|p__Tenericutes|c__Mollicutes|o__Izimaplasmatales|__|__	k__Bacteria|p__Tenericutes|c__Mollicutes|o__Mollicutes RF39|__|__	k__Bacteria|p__Tenericutes|c__Mollicutes|o__Mollicutes RF39|f__uncultured Firmicutes bacterium|g__uncultured Firmicutes bacterium	k__Bacteria|p__Verrucomicrobia|c__Verrucomicrobiae|o__Verrucomicrobiales|f__Verrucomicrobiaceae|g__Akkermansia	Unclassified
N01	0	0	8.963109727332767e-4	0	0	9.434852344560808e-5	0	0	0	0	0	0	0	0	0	3.3021983205962826e-4	0.23044626851589772	0	0.0034908953674874987	0	3.3021983205962826e-4	0.009387678082838004	0	0	0	2.3587130861402018e-4	0	0	8.019624492876686e-4	0	0	0.03226719501839796	0	0	0	0	0	0	0	0	0	0	0	2.830455703368242e-4	0.0016982734220209455	0	0	0	0.003679592414378715	0	0	2.3587130861402018e-4	0	0	0	0	0.020143409755637325	0	1.8869704689121616e-4	0	0	0	0	0	0	0	0	0	0	0	0	0.008915935465609964	0	0.05689215963770167	0	0.003726766676101519	0.0064628738560241535	0	0	0	0	0.003821115199547127	0	0	0.0016039248985753372	0	0	0.002830455703368242	0.00877441268044155	0	0.001085008019624493	0	0.0015567506368525334	0.03585243890933107	0	0.005472214359845269	0	0.012595527879988678	0	7.076139258420605e-4	0	5.660911406736484e-4	0	0	0	0	0.001085008019624493	0	0	0	0	0	0	0	0	0.01646381734125861	0	0	0	0.001226530804792905	0	0	0	0.23072931408623457	0.009529200868006417	0	0	0	0	0.0031135012737050667	0	0	0	0.016652514388149825	0	0	6.604396641192565e-4	0	0	0	6.604396641192565e-4	0	0	0.002170016039248986	0	0.007312010567034626	0.07727144070195302	0	0	0	0	0	0	0	0	0.009623549391452024	0	0	0	0.001320879328238513	0	0	0	0	0.04755165581658647	0	0	0.012123785262760638	0	0	0	8.019624492876686e-4	0.01075573167279932	0	0	0	0	0	0	0.0015567506368525334	0	0	0	0	0	0	0	0.0665157090291537	0	0	0	0	0	0	0	4.7174261722804036e-4	0	0	0	0	0.026464760826493065	5.660911406736484e-4
N02	4.206786949612041e-4	1.8696830887164625e-4	0.01771524726558848	0	4.206786949612041e-4	9.815836215761428e-4	0	0	0	0	0	0	2.3371038608955782e-4	0	0	0	0.5052351126484061	0	0	0	0	0.012947555389361503	0	0	0	0	0.005749275497803122	0	0.005188370571188184	0	0	0.058754791062914834	0	0	2.3371038608955782e-4	2.8045246330746937e-4	0	0	0	0	0	0	0	0.0015424885481910816	0	8.880994671403197e-4	0	0.0012620360848836123	0.0015892306254089931	0	0	0.041600448723941294	3.2719454052538096e-4	0	9.348415443582313e-5	0	0.0286996354117977	0.0014490043937552585	0.0071515378143404695	8.413573899224082e-4	0	0	0.016359727026269047	0.006310180424418061	0	0	0	0.005422080957277742	0	3.2719454052538096e-4	0.00836683182200617	0.026642984014209593	0	0	0	0.0012152940076657008	0.015611853790782462	0	0	0	0.004066560717958306	0	0	0	4.206786949612041e-4	0.014162849397027204	0.021314387211367674	0.019538188277087035	0	0	0	0	2.8045246330746937e-4	5.609049266149387e-4	0	0	0	0	0	0	0	7.011311582686735e-4	0	0	0.002009909320370197	7.011311582686735e-4	0.0035991399457791905	0	9.348415443582313e-5	0.0027577825558567823	0.0010283256987940544	0.0016359727026269047	8.413573899224082e-4	0	0	0.009535383752453958	0	0	0.001168551930447789	0.001168551930447789	0	0.0010283256987940544	6.076470038328504e-4	0.01402262316537347	0.010189772833504722	0	4.6742077217911565e-4	9.348415443582313e-5	0	0.0012620360848836123	0	7.47873235486585e-4	0	0.012994297466579414	0	0.0017761989342806395	0	0	0	0	0	0	0	2.8045246330746937e-4	0	0.021501355520239317	0.002898008787510517	0	3.2719454052538096e-4	0	1.4022623165373468e-4	0	0	0.006824343273815089	0.004954660185098626	0.004066560717958306	0	0.0013555202393194354	0	0.0012152940076657008	0	0.0035056557913433675	0	0	0	0	0.0015424885481910816	0	0	0	1.4022623165373468e-4	0	0	0	0	0	0	0	0	6.076470038328504e-4	0	0	0.0015892306254089931	0	0	0	0	0	0	0	0.0452930728241563	0	0	0	9.348415443582313e-4	0	0	0	0	0	0	0
N03	0	0	0.0030910495931633255	0	0	8.18219009954998e-4	0	0	0	0	2.727396699849993e-4	0	0	0	0	0.007318514477930815	0.08695849811355062	0.0029092231465066595	0.008636756216191645	1.3636983499249966e-4	0.0030001363698349925	0.001954634301559162	0	0	0	0.0075003409245874815	0.14909768625846628	0.077503522887403975	0.00804582026455748	4.09109504977499e-4	0	0.01227328514932497	0	0	0	0	0	0	0	0	0	0	0	5.000227283058321e-4	7.273057866266649e-4	4.09109504977499e-4	0	0	0.017864448384017455	0	0.007954907041229147	0.0127733078776308	8.636756216191645e-4	0.00131824173826083	0	0	0.024501113686985772	0	9.091322332833311e-5	0	0	1.3636983499249966e-4	1.3636983499249966e-4	0	0	2.727396699849993e-4	0	0.0020910041365516615	7.273057866266649e-4	0	0	0.002727396699849993	0	0.05909359516341652	0	0.0011364152916041638	0.020000909132233284	0.011136869857720805	0.001818264466566662	0	0.01227328514932497	0.006409382244647484	0	0	4.09109504977499e-4	0.005545706623028319	0	0	0.002954679758170826	0	5.454793399699986e-4	0	0.0020910041365516615	0.018546297558979952	1.8182644665666622e-4	0.002454657029864994	3.6365289331333244e-4	0	0	6.363925632983318e-4	2.2728305832083275e-4	6.818491749624983e-4	0	0	0.03754716123460157	0	0.0058639029046774855	9.091322332833311e-5	0	9.545888449474976e-4	0	5.909359516341651e-4	0	0	0	0.011682349197690803	0	0	1.8182644665666622e-4	0.0030910495931633255	0.0014546115732533298	0	0	0.13018773580617302	8.636756216191645e-4	0.0033183326514841585	0	0.0020910041365516615	5.000227283058321e-4	0.0015000681849174963	0	0	0	0.009454975226146644	7.273057866266649e-4	0.04032001454611573	0.0011364152916041638	0	0.019000863675621617	3.181962816491659e-4	3.6365289331333244e-4	0.003454702486476658	0	0.002227373971544161	0.007545797536251648	0.009727714896131643	0.022364652938769942	1.3636983499249966e-4	0	0	0	3.6365289331333244e-4	0	0.0010455020682758308	7.273057866266649e-4	0.002318287194872494	0	9.09132233283331e-4	0.010500477294422474	2.2728305832083275e-4	0	0	0.0015000681849174963	0	0	0	0.0035001590981408245	0	0	0	0	0	0	0	0	0	0	0	0	7.727623982908314e-4	0.0029092231465066595	0	0	0	0	0	0	0.05986635756170735	0	0	7.727623982908314e-4	0	0	0	0	6.363925632983318e-4	0	0	2.727396699849993e-4	9.091322332833311e-5	0.0065002954679758175	8.636756216191645e-4
N04	0	0	0.008393312944098237	0	0	0	0	0.0018166348563938648	0	0.0010117966288775955	7.588474716581967e-4	0	0	0	0	0	0.09738542552946858	0	0.002529491572193989	0	0.0018626256122519374	0.0012647457860969944	0.0036102743348586934	0	0	0	0.26642444868581416	0	0.0026904592176972427	0	0	0.00910616965989836	0	2.2995377929036263e-4	0	0	0	0	0	2.9893991307747145e-4	0	0	1.1497688964518131e-4	0.005403913813323522	8.278336054453055e-4	0	0	0	0.0074734978269367855	0	0	0.001034792006806632	3.909214247936165e-4	0	0	0	0.03752845678018718	0	0	0	9.198151171614506e-5	0	0	0	0	0	0	0.0025064961942649526	0.003978200381723274	0	0	0.008163359164807874	0	0.014326120449789592	0.002023593257755191	0.006599673465633408	0.015337917078667189	0	0.0021615655253294087	0	0.0016096764550325385	0.0044611033182330355	0	0	0.0011037781405937406	0	0	2.7594453514843514e-4	0.012946397774047417	0	1.3797226757421757e-4	2.7594453514843514e-4	0.0013567272978131397	0.0488881734771311	0	0.006254742796697864	0	0	0	0	0	6.898613378710879e-4	0	0	0.05999494101685561	0	0	0	0	0.001126773518522777	0	0.006300733552555936	0	0	0	0.006346724308414009	0	0	2.529491572193989e-4	0.009428104950904868	2.2995377929036263e-4	0	4.36912180651689e-4	0.053004346126428584	0.005265941545749305	0	6.208752040839791e-4	0	0.0016096764550325385	0.0043231310506588174	0	0	0	0.02936509761537931	0.0030813806424908594	0.016878607399912617	0.005380918435394485	0.001839630234322901	0.011037781405937407	0	0	0.0023455285487616988	0	0.014717041874583208	0.009451100328833905	0.007979396141375583	0.11621864005334928	0	1.6096764550325385e-4	0	0	0	0	0	6.438705820130154e-4	0.004024191137581346	0	0	0	0.0012417504081679582	0	0	0.0020465886356842273	0	0.003909214247936165	0	0.0011957596523098858	0	0	0	0	6.898613378710879e-5	0	0	0	0	0	0	0	0.001655667210890611	0	0	0.011888610389311749	0	0	0	2.0695840136132637e-4	1.839630234322901e-4	0	0.004622070963736289	0	0	0	0	0	1.3797226757421757e-4	0	0	0.0029204129969876056	0	0.0143951065835767	1.1497688964518131e-4
N05	0	0	0.02818519172998763	0	0	3.5341933203746247e-4	0	0	0	0	8.835483300936562e-5	0	0	0	0	0.00989574129704895	0.07435059197738117	0	0.03578370736879307	0.0026506449902809685	9.719031631030217e-4	0.022574659833892913	0	0	0	0	0.012104612122283089	0.030305707722212406	0.008614596218413147	0	0	0.03998056193673794	0.0013253224951404843	0	0	0	0	0	0	0	0	0	0	0.007598515638805443	0	0.0011927902456264359	4.8595158155151087e-4	0	0.00755433822230076	0	0	4.4177416504682807e-4	0.0070242092242445665	0	0	0	0.09515815515108676	0	0	0	0	0	0	0	0	0	2.2088708252341403e-4	0.0023855804912528717	3.5341933203746247e-4	0	0	0.02217706308535077	0	0.0037992578194027214	0	0.007819402721328857	0.022309595334864818	0.02911291747658597	0	0.003445838487365259	0	0.006670789892207104	0	0	7.951934970842905e-4	0	0	0	0	0	0	0	0.0011044354126170703	0.05690051245803145	0.0027831772397950167	4.8595158155151087e-4	5.743064145608765e-4	0	0	2.2088708252341403e-4	7.951934970842905e-4	0	0	0	0	0	0.003004064322318431	6.184838310655593e-4	3.5341933203746247e-4	0	0	8.835483300936562e-5	0	2.2088708252341403e-4	0	0.007907757554338223	0	0	2.6506449902809686e-4	0.0010602579961123874	0	0	0	0.09701360664428345	1.3253224951404843e-4	0	4.8595158155151087e-4	0.00503622548153384	0	0.0018554514931966779	0	9.277257465983389e-4	0	0.02849443364552041	0.0026506449902809685	0.023060611415444424	7.510160805796077e-4	0.0013253224951404843	0.023679095246509983	0	9.719031631030217e-4	0.004285209400954232	1.3253224951404843e-4	0.00534546739706662	0.01687577310478883	0.005566354479590033	0.025446191906697297	0.0018996289097013607	0	0	0	0	0	4.8595158155151087e-4	0	0.00362254815338399	0	0	0	2.6506449902809686e-4	0	0	0	0	0.104037815868528	0	0	0	0	0	0	9.277257465983389e-4	0	0	0	1.3253224951404843e-4	0.003180773988337162	0	9.719031631030217e-4	0.0028715320728043823	0	0	0.0024739353242622373	0	0	0.006980031807739883	0	0	0	0	0	0	0	0	0	0	0	0.002297225658243506	2.2088708252341403e-4	0	0.06330623785121046	1.7670966601873123e-4
N06	0	3.9184952978056425e-4	0.015002239140170175	0	0	0.00212718316166592	0	0	0	3.9184952978056425e-4	3.9184952978056425e-4	0	7.836990595611285e-4	0	0	0	0.047133900582176445	0	0.011139722346618898	0	0	0.004702194357366771	0	0	0	0	0.08273622928795342	0.00442230183609494	0.026981639050604567	0	0	0.011027765338110165	0.0016233766233766235	0	0	0	0	2.239140170174653e-4	0	0	0	0	1.6793551276309896e-4	0.006885356023287058	0.0023510971786833857	0.0013434841021047917	0	0	0.016569637259292433	0	0	0.0066614420062695925	0.002575011195700851	0	0	0	0.09381997313031795	0	0.0023510971786833857	0	0	0	2.239140170174653e-4	0	0	0	0	0.014218540080609045	0.003638602776533811	0	0	0.0109717868338558	0	0.04914912673533363	0	0.012203313927451859	0.053963278101209135	0	0	0.016233766233766232	0	0.00974025974025974	0	0	0.0016233766233766235	0	0	0	0.00106359158083296	0	0	0.0010076130765785938	5.038065382892969e-4	0.03437080161218092	0	0	0	0	0	0	0	0	0	0	0.01763322884012539	0	0	9.516345723242275e-4	0	0	0	0	0	0	0	0.01690550828481863	0	0	0	0.008116883116883116	0	0	0	0.06045678459471563	0.0015114196148678907	0	4.478280340349306e-4	0.0011195700850873264	0	0.0022391401701746527	0	5.038065382892969e-4	0	0.026925660546350202	0.01584191670398567	0.011195700850873265	0.0015114196148678907	0.0026309896999552173	0.01371473354231975	0	0	0.001567398119122257	0	0.007165248544558889	5.038065382892969e-4	0.02575011195700851	0.18629646215853113	0	0	0	0	0	0	0.0016233766233766235	0.003134796238244514	0.01461038961038961	0	2.798925212718316e-4	0	0.0012875055978504254	0	0	0.0012315270935960591	0	0	0	0.015785938199731304	0	0	0	0	0	0	0	2.798925212718316e-4	0	0	0	0	0.0010076130765785938	0	0	0	0	0	0	0	7.277205553067622e-4	0	0	0	0	0	0	0	0	0	0	0	0	0.0063255709807433945	0
N07	0	0	0.007151645647493079	0	0	0.0032682251614887725	0	0	0	0	1.1534912334666256e-4	2.3069824669332513e-4	0	0	0	3.8449707782220856e-4	0.22170101507228546	0	0	0.0031528760381421103	0	0.00938172869886189	0	8.458935712088588e-4	0	0	0.012073208243617349	0.014111042756075054	0.00899723162103968	0	0	0.02253152876038142	0	0	0	1.1534912334666256e-4	0	0	0	0	1.9224853891110428e-4	0	0	0.004844663180559827	0.0029990772070132266	8.074438634266379e-4	0	0	0.014264841587203937	0	0	0.0016148877268532759	0.004613964933866503	0	4.6139649338665026e-4	0	0.04986927099354045	2.69147954475546e-4	0	0	0	0	0	1.1534912334666256e-4	0	0.0011534912334666258	0	0.0014610888957243926	0.0014610888957243926	0	0	0.013764995386035067	0	0.005998154414026453	0	0.0062673023685019995	0.03287450015379883	0	0.002306982466933251	0.0024992310058443556	3.8449707782220856e-4	0.015879729314057213	0	0	7.305444478621963e-4	0	0	0.002460781298062135	0	0	6.151953245155337e-4	0	0.011996308828052906	0.004729314057213165	0	0.0011534912334666256	2.69147954475546e-4	7.305444478621963e-4	0	6.151953245155337e-4	3.8449707782220856e-4	0.0012303906490310674	0	0	0.0062673023685019995	0	0.002653029836973239	2.69147954475546e-4	0	0	0	1.1534912334666256e-4	0	0	0	0.005690556751768687	0	0	4.229467856044294e-4	3.460473700399877e-4	0.0012688403568132881	0	0	0.12084743155952016	0.0016148877268532759	0	0	0	0	0.0035373731159643188	0	0	0	0.006651799446324208	0.003998769609350969	0.058828052906797906	9.227929867733005e-4	0.001845585973546601	0.0333743463549677	0	4.229467856044294e-4	0.002076284220239926	6.536450322977545e-4	2.69147954475546e-4	0.017840664410950478	0.025376807136265764	0.062250076899415564	0	0	0	0	0	0	0	1.5379883112888343e-4	0.007728391264226392	0	0	0	0	0	0	2.3069824669332513e-4	0	0.03068286681021224	0	0.05390649031067364	0.0015379883112888342	0	0	0	0	0.004152568440479852	0	0	0	0.0022300830513688097	0	0	0.0029990772070132266	0	0	0.004806213472777607	0	0	0	0	5.38295908951092e-4	0	0	0.038795755152260844	0	0	0	0	0	0	0	1.9224853891110428e-4	0	0.0011150415256844049	3.0759766225776686e-4
N08	0	0	0.005533147171372427	0	0	0	0	0	0	0	0	0	0	0	0	4.654049022649705e-4	0.07855000517116557	0	0.004550625711035267	0.004188644120384734	0	0.011738545868238701	0	0	0	0	0.015668631709587343	0.02259799358775468	0.026217809494260006	0	0	0.025442134657151724	0	0	0	0	0	0	0	0	0	0	0	0.021356913848381426	4.136932464577516e-4	6.205398696866273e-4	0	0	0.046954183472954804	0	0	0	0.0019133312648671012	3.1026993484331366e-4	0	0	0.020270969076429828	0	0	0	0	0	0	0	0	0.001034233116144379	0	0.001034233116144379	3.6198159065053265e-4	0	0	0	0	0.01328989554245527	0	0	0.01085944771951598	0	0	0.004188644120384734	0	0.014065570379563554	0	0	3.6198159065053265e-4	0	0	0	0	0	0	0	0.0015513496742165685	0.008170441617540594	6.205398696866273e-4	0	0	0	0	0	0.001034233116144379	3.6198159065053265e-4	0	0	7.239631813010653e-4	0	0.0022753128555176336	0.001913331264867101	0	4.654049022649705e-4	0	0.0017581962974454442	0	0	0	0.020736373978694798	0	0	0.0011376564277588168	8.790981487227221e-4	0.0016547729858310063	0	0	0.117385458682387	0.002068466232288758	0	1.5513496742165683e-4	6.205398696866273e-4	8.273864929155032e-4	0.006722515254938463	0	0	0	0.014479263626021305	0.009618367980142725	0.06045092563863895	0.003878374185541421	0	0.04395490743613611	0	5.688282138794084e-4	0.004188644120384734	0.0011893680835660357	0.001034233116144379	0.042558692729341194	0.1703381942289792	0.06339849001965044	0.0012410797393732546	0	0	0	0	0	0	0	0.0011376564277588168	0	0	0	3.1026993484331366e-4	0	0	0	0	0	0	7.239631813010653e-4	0	0	0	0	0	0	0	0	0	0.0012927913951804736	0	0	0.0034646809390836693	0	0	0.0037749508739269833	0	0	0	0	0	0	0	0.014324128658599649	0	0	0	0	0	0	0.005067742269107457	0.0018099079532526631	0	0.04814355155652084	0
N09	0	0	0.003313953488372093	0	0	4.6511627906976747e-4	0	0	0	0	0	0	0	0	0	0	0.061424418604651164	0	0	0	0	0	0	0	0	0.0025872093023255813	0.4070348837209302	0	0.009970930232558139	0	0	0.01941860465116279	0	0	0	0	0	0	0	0	0	0	0	6.976744186046512e-4	0	0	0	0	0.01813953488372093	0	0	0.0013662790697674418	0.0055813953488372085	0	0	0	0.036802325581395345	0	0	0	0	0	0	0	0	0	0	2.0348837209302326e-4	3.488372093023256e-4	0	0	0.0025290697674418606	0	0.025784883720930234	0	0.004738372093023256	0.012093023255813953	0	0.0020930232558139536	0.0014244186046511627	0	0.008633720930232559	0	0	8.139534883720931e-4	0	0	2.9069767441860465e-4	0.0030232558139534882	1.1627906976744187e-4	0	4.0697674418604653e-4	0.0033430232558139534	0.030290697674418606	0	0.009418604651162791	0	2.0348837209302326e-4	0	8.430232558139535e-4	8.430232558139535e-4	0	0	0	0.02502906976744186	0	0	0	0	0	0	0.0018023255813953488	0	0.0012209302325581395	0	0.0018313953488372093	0	0	0	6.395348837209302e-4	0	0	0	0.11962209302325581	0	0	0	2.9069767441860465e-4	0	0.0011627906976744186	0	0	0	0.012877906976744187	0.003953488372093023	0.017732558139534883	0.0025872093023255813	0.0013953488372093023	0.01747093023255814	0	0	9.883720930232557e-4	0	0.0018604651162790699	0.02633720930232558	0.024215116279069766	0.017965116279069767	0	0	0	0	0	0	0	0	0.002325581395348837	0	0	0	1.744186046511628e-4	0	0	6.395348837209302e-4	0	0.026453488372093024	0	0	0	0	0	0	0.0013372093023255815	0	0	0	0	0	0	0	2.0348837209302326e-4	0	0	0	0	0	0	0	0.01186046511627907	0	0	0	0	0	0.0016279069767441861	0	0	0	0	0	0	0.0021511627906976743	0
N10	0	0	0.08068593578832055	0	0	0.0023173506362180836	0	1.6853459172495156e-4	0	2.1066823965618943e-4	9.690739024184714e-4	0	0	0	0	0.014114772056964693	0.18766326788573354	0	0	0	9.269402544872335e-4	0.006867784612791776	0	0	0	0.008216061346591388	0.05287772815370355	0	0.004845369512092357	0	0	0.006109378950029494	0	0	0	0	0	0	2.528018875874273e-4	0	0	0	0	0	2.949355355186652e-4	0	5.477374231060926e-4	0	0.00657284907727311	0	0	7.162720148310441e-4	3.7920283138114094e-4	0	0	1.2640094379371366e-4	0.024816718631499115	0	0.001516811325524564	0	0	1.2640094379371366e-4	0	0	0	0	0	0.004086963849330075	8.848066065559957e-4	0	5.056037751748546e-4	0.008553130530041291	0	0.034970927782927444	0.0024437515800117974	0.02629139630909244	0.048706497008511	0	0	0.006446448133479396	0.0010533411982809472	0.0024016179320805594	0	0	0.0013482767337996125	0.006614982725204348	0	0.004424033032779978	0.0021488160444931323	0	0.0012218757900058987	0	0	0.009606471728322238	0	8.005393106935198e-4	0	0.003075756298980366	0.00219094969242437	0	0.0010533411982809472	0	0	0	0.01778039942698239	0	0	2.1066823965618943e-4	2.949355355186652e-4	0.001137608494143423	0	0	0	0	0	0.017443330243532486	0	0	8.005393106935198e-4	0.00358136007415522	0	0	0	0.10398584309429511	0.00539310693519845	8.005393106935198e-4	0	0	5.898710710373304e-4	0.001095474846212185	0	0	0	0.012850762619027555	0.0050139041038173085	0.028018875874273194	0.0019802814527681806	0.0017696132131119913	0.0028650880593241762	0	2.528018875874273e-4	2.949355355186652e-4	0	0.0749557596696722	0.004971770455886071	0.012808628971096317	0.05165585236369765	0	0	0	0	0	0	1.2640094379371366e-4	0.001896014156905705	0.0021488160444931323	0	0	0	8.426729586247577e-4	0	0	0	0	0.024058312968736832	0	0	0	0	0	0	0	0	0	2.1066823965618943e-4	0	0	0	0	9.269402544872335e-4	0	0	0	0	0	0.002654419819667987	0	0	0	0	0.004550433976573692	0	0	0	0	0	0	0	0	0	0.04188084604365046	0
N11	0	0	0.02345110087045571	0	0	9.728622631848438e-4	0	0.0010240655401945725	0	0	0	0	0	0	0	0.010803891449052739	0.12017409114183308	0	0	0	7.168458781362007e-4	0.0029185867895545315	0	0	0	0.010240655401945725	0.058166922683051715	0	0.0056835637480798775	0	0	0.014234511008704558	0	0	2.048131080389145e-4	0	0	0	0	0	0	0	0	0.0013312852022529442	0	0.0014336917562724014	7.680491551459293e-4	0	0.019508448540706606	0	0	0.0015360983102918587	1.0240655401945725e-4	0	1.0240655401945725e-4	0	0.027803379416282643	0	0.0011776753712237583	0	0	0	0	1.5360983102918587e-4	0	0	0	0.0038402457757296467	6.144393241167435e-4	0	0	0.005171530977982591	0	0.0077316948284690224	0.0034818228366615463	0.00593958013312852	0.02339989759344598	0	0	0.006605222734254993	0	0.006810035842293907	0	0	0.00409626216077829	0	0	5.120327700972862e-4	0	0	0	0.0011776753712237583	0	0.054070660522273425	0	0.001638504864311316	0	0	0	0	0.001894521249359959	0	0	0	0.0038914490527393753	0	0	3.5842293906810036e-4	0	0.001075268817204301	0	0	0	0	0	0.01827956989247312	0	0	0	0.00706605222734255	0	0	0	0.07916026625704045	0.003789042498719918	0.0013312852022529442	0	0	0	0.002713773681515617	9.216589861751152e-4	0	0	0.00896057347670251	0.008602150537634409	0.07828981054787507	0.003686635944700461	0.003686635944700461	0.013159242191500256	0	0	0.002457757296466974	0	0.08100358422939068	0	0.021300563236047107	0.14459805427547362	0	0	0	0	0	0	3.5842293906810036e-4	0	0.00486431131592422	0	0	0	0.0028161802355350742	0	0	6.656426011264721e-4	0	0.050742447516641066	0	0	0	0	0	0	3.0721966205837174e-4	0	0	0	0	0	0	0	7.168458781362007e-4	0	0	0	0	0	0.0011776753712237583	3.0721966205837174e-4	0	0	0.0016897081413210445	0	0	0	0	0	0	0	0	0	0	0.022529441884280594	0
N12	0	0	7.31981981981982e-4	0	0	0	0	0	0	0	0	0	0	0	0	2.8153153153153153e-4	0.054222972972972974	0	0	3.3783783783783786e-4	0	2.8153153153153153e-4	0.01114864864864865	0	0	0.003265765765765766	0.5583333333333333	0.014977477477477477	2.8153153153153153e-4	0	0	0.0024774774774774773	0	0	0	0	0	0	0	0	0	0	0	0.0032094594594594596	0.0015202702702702704	0	0	0	0.0018018018018018018	0	0	9.009009009009009e-4	0	0	0	0	0.00563063063063063	0	0	0	0	0	0	0	0	0	0	0	0	0	0	0.0011261261261261261	0	2.8153153153153153e-4	0	0.0010698198198198197	0.003490990990990991	0	0	0	0	9.009009009009009e-4	0	0	2.2522522522522523e-4	0	0	0	0.012331081081081082	0	0	0	0	0.006756756756756757	0	1.6891891891891893e-4	0	0	0	0	0	0	0	0	0.06052927927927928	0	0	0	0	0	0	0	0	0	0	0.0014076576576576576	0	0	0	0.0013513513513513514	0	0	0	0.1706644144144144	0	0	0	0	0	0	0	0	0	0	0.004673423423423423	0.004617117117117117	5.630630630630631e-4	0	3.9414414414414413e-4	0	0	0	0	0.0014076576576576576	0	0	0.011317567567567568	0	0	0	0	0	0	0	0	2.8153153153153153e-4	0	0	0.0015765765765765765	0	0	0	0	0	0	0	0.023817567567567567	0	0	0	0	0.00974099099099099	0	0	1.1261261261261261e-4	0	0	0	0	0	3.9414414414414413e-4	0	0	0	0	0	0	0.01768018018018018	0	0	0	0	0	0.002984234234234234	0	7.31981981981982e-4	0	0	0	0	0	0
N13	0	0	0.0033504419731964644	7.128599942971201e-5	0	0	0	0	0	0	0	0	0	0	0	0	0.48249928714000573	0	0	0	0	0	0	0	0	0	0	0	0.0031009409751924723	0	0	0	0	0	0	0	0	0	0	0	0	0	0	0.001710863986313088	6.415739948674081e-4	8.910749928714001e-4	0	0	0.001176218990590248	0	0.001532648987738808	5.702879954376961e-4	0.0036355859709153123	0	0	0	0.020173937838608498	0	0	0	0	0	0	0	0	0	0	0.0024593669803250643	0	0	0	0.005025662959794696	0	0.09445394924436841	0	0.0058454519532363846	0.01258197889934417	0	0.001211861990305104	6.05930995152552e-4	0	0.011263187909894497	0	0	0.0033860849729113202	0.002245508982035928	0	0	0.004740518962075849	0	0	0	0.0034573709723410323	0.020530367835757058	0	0	0	3.5642999714856e-4	0	0	0	0	0	0	0.011084972911320217	0	0	0	0	3.5642999714856e-4	0	0.002067293983461648	0	0	2.49500998003992e-4	0.011370116909039066	0	0	1.7821499857428e-4	8.910749928714001e-4	0	0	0	0.06686626746506985	0.0022811519817507843	0	1.4257199885942402e-4	0	2.13857998289136e-4	0.006522668947818649	0	0	0	0.007057313943541489	0.006201881950384945	0.060771314513829486	0.0021029369831765043	1.7821499857428e-4	0.006522668947818649	0	0	0	4.27715996578272e-4	0.002601938979184488	0	0.027124322783005417	0.0353222127174223	0	0	0	0	0	0	0	6.05930995152552e-4	0.0023880809808953522	0	0	0	5.3464499572284e-4	0	0	0	0	0	0	0.010978043912175649	0	0	0	0	0.016360136869118906	1.06928999144568e-4	0	0	0	0	0	0	0.002887082976903336	0	0	0.006023666951810665	0	0	0.010193897918448817	0	0	0	0.0014970059880239522	6.77216994582264e-4	0	0	0.0023880809808953522	0	0.00641573994867408	0	0	0	0	8.910749928714001e-4	0
N14	0	0	0.031025641025641027	0	0	0	0	0	0	0	0	0	0	0	0	0.004358974358974359	0.3488034188034188	0	0	0	0	0.008461538461538461	0	0	0	0	0	0	0.04264957264957265	0	0	0.008547008547008548	0	0	0	0	0	0	0	0	0	0	0	0.0017094017094017094	8.547008547008547e-4	0	0	0	0.001282051282051282	0	0	0	0	0	0	0	0.02547008547008547	0	0	0	0	0	0	0	0	0	0	1.7094017094017094e-4	0	0	0	0.006495726495726496	0	0.1111111111111111	0	0.012905982905982907	0.012307692307692308	0	0.0010256410256410256	0	0	0.01547008547008547	0	0	5.128205128205128e-4	0	0	0	0.0017948717948717949	0	0	0	0.0011111111111111111	0.10205128205128206	0	0	0	2.564102564102564e-4	0	0	0	0	0	0	0.0036752136752136754	0	0	0	0	0	0	0	0	0.0011111111111111111	0	0.005726495726495726	0	5.128205128205128e-4	0	0	0	0	0	0.09837606837606838	0	0	0.0013675213675213675	0	0	0	0	0	0	0.009401709401709403	0.005811965811965812	0.0535042735042735	0.004700854700854701	0.001623931623931624	0.013333333333333334	0	0	5.982905982905983e-4	0	0.0029914529914529917	0.002478632478632479	0.012307692307692308	0.028803418803418804	0	0	0	0	0	0	0	0	0.0022222222222222222	5.982905982905983e-4	2.564102564102564e-4	0	0	0	0	0	0	0	0	0.0029914529914529917	0	0	0	0	0.00264957264957265	0	0	0	0	0	0	0	0	0	0	0	0	0	0	0	0.005811965811965812	0	0	0	0	0	0	0	7.692307692307692e-4	0	0	0	0	0	0
N15	1.0366633263070597e-4	0	0.04388541414699886	0	0	0.003317322644182591	0	0	0	0	0	0	0	0	0	0.011576073810428833	0.6187497840284737	0	0	0	0	0	0	0	0	0	0	0	0.002246103873665296	0	0	0.01641383599986178	0	0	0	0	0	0	0	0	3.4555444210235324e-4	0	0	0.020733266526141193	4.492207747330592e-4	1.382217768409413e-4	0	0	0	0	0	8.293306610456478e-4	3.4555444210235324e-4	0	0	0	0.017934275545112132	1.382217768409413e-4	4.492207747330592e-4	0	0	0	0	0.0013131068799889423	0	0	0	7.256643284149417e-4	0	0	4.492207747330592e-4	5.183316631535298e-4	0	0	0	0.001071218770517295	0.013200179688309893	0	6.911088842047065e-4	0	0.020353156639828604	0	0	0	1.7277722105117662e-4	0.005045094854694357	0	0.006980199730467535	0	0	0	0	0	0	0	0	0	0	0	0	0	4.146653305228239e-4	0	0	0	0	0	0	0	0	0	1.7277722105117662e-4	0	0	0	0.004561318635751063	0	0	8.984415494661184e-4	1.382217768409413e-4	0	0	0	0.12039116762845986	0.02121704274508449	0	0	0	0	0.0012094405473582362	0	0	0	0.002868101869449532	0	0.010401188707280832	0	0.0021769929852448254	0.0018659939873527074	0	0	0	0	0.002246103873665296	0	0.006772867065206124	0.008777082829399771	0	0	0	0	0	0	5.183316631535298e-4	0	0	0	0.0036974325304951795	0	0	0	0	0	0	0.003109989978921179	0	5.183316631535298e-4	0	9.675524378865891e-4	0	0	0	0.0016241058778810602	0	0	0	0	0	0	0	0.0027989909810290613	0	0	0	2.764435536818826e-4	0	0	0	0	0.010815854037803656	0.002868101869449532	0	0	0	0	0	0	0	0	0	0	5.183316631535298e-4
N16	0	0	0.004959000390472472	0	0	0.0011714174150722373	0	0	0	0	0	0	0	0	0	0	0.42725497852401406	0	0.009176103084732526	0	5.466614603670441e-4	0.0013666536509176104	0	0	0	0	0	0	0.0021866458414681765	0	0	7.418976962124171e-4	0	5.076142131979696e-4	0	0	0	0	0	0	0	0	0	0.002147598594299102	0	0	0	0	0.0015618898867629833	0	0	5.857087075361188e-4	0	0	0	0	0.002772354549004295	0	4.2951971885982036e-4	0	0	7.809449433814917e-5	0	5.857087075361187e-4	0	0	0	0.0011714174150722373	0	0	0	0.005935181569699337	0	0	0	0	0.0015228426395939086	0	0	0	0.002420929324482624	0	0	0	0	0.0036313939867239358	0	0.002108551347130027	0	0	0	0	0	0	0	0	0	0	0	0	0	0	0	0	0	0	4.2951971885982036e-4	0	0	3.904724716907458e-4	0	0	0	0	0	0.039281530652089024	0	0	0	0	0	0	0	0.009566575556423273	7.809449433814916e-4	0	0	0	0	0	0	0	0	7.809449433814916e-4	0	0.002264740335806326	0	0	0	0	0	0	0	0	0	0	0	0	0	0	0	0	0	0	0	0	0	0	0	4.2951971885982036e-4	0	0	0	0	0.00698945724326435	0	8.590394377196407e-4	0	0	0	0	0	0	0	0	0	0	0	0	0	0	0	0	0	0	0	0	0	0	0	0.2028894962905115	0	0	0	0	0	0	0	0	0	0.26177274502147596	7.028504490433424e-4
N17	0	0	0	0	0	0	0	0	0	0	1.9104021396503963e-4	0	0	0	0	0	0.21520680103161716	0	0	0	0	0	0	0	0	0	0	0	0.008405769414461745	0	0	0	0	0	0	0	0	0	0	0	0	0	0	1.9104021396503963e-4	0	5.73120641895119e-4	0	0	0.002196962460597956	0	0	0.00554016620498615	5.73120641895119e-4	0	0	0	0.029038112522686028	0	0	0	0	0	0	0	0	0	0	0.0038208042793007927	6.686407488776388e-4	0	0	0.007737128665584105	0	0.1373579138408635	0	0.02693667016907059	0.03572452001146241	0	0.0024835227815455155	0	0	0.044989970388766835	0	0	0	0.00534912599102111	0	0	0.004871525456108511	0	0	0	0.009647530805234502	0.009552010698251982	0	0	0	0	0	0	0	0.0010507211768077181	0	0	0	0	0.005826726525933709	0	0	0	0	0.010889292196007259	0	0	0	0.003152163530423154	0	0	0	0.0024835227815455155	0	0	0	0.16477218454484668	0.0024835227815455155	0	0	0	0.003056643423440634	0	0	0	0	0.02531282835036775	0.004298404814213392	0.0930365842009743	0.008310249307479225	0.002292482567580476	0.0029611233164581145	0	0	3.8208042793007926e-4	0	0.004107364600248352	0	0.01566529754513325	0.07211768077180246	0	0	0	0	0	0	0	0	0.0017193619256853567	0	0.001146241283790238	0	7.641608558601585e-4	0	0	0	0	0	0	0.002770083102493075	0	0	0	0	0.004107364600248352	0	0	0	0	0	0	0	0	0	0	0	0	0	0	0	0.003725284172318273	0	0	0.012035533479797498	0	0	0	0	4.776005349125991e-4	0	0	0	0	0	0
N18	2.6102845210127906e-4	0	0.011419994779430958	0	0	3.262855651265988e-4	0	0	0	0	1.9577133907595928e-4	0	0	0	0	0.012725137039937353	0.3392717306186374	0	0.01102845210127904	0	0	9.135995823544767e-4	0	0	0	0	0	0.0756329939963456	0.01376925084834247	0	0	0.01579222135212738	0	0	0	0	0	0	0	0	0	0	0	0.00097885669537979645	0.001957713390759593	0	0	0	0.006982511093709214	0	0	0	4.5679979117723834e-4	0	0	0	0.057948316366483954	0	0	0	0	0	0	0	0	0	0	0.00097885669537979645	4.5679979117723834e-4	0	0	0.0016966849386583138	0	0.12829548420777864	0	0.005155311929000261	0.011224223440355	0	0.00554685460715218	0	0.00097885669537979645	0.007635082223962412	0	0	0	0	0	0	0.004372226572696424	0	0	0	0.0015009135995823545	0.030540328895849646	0	0.004241712346645784	0	0	0	0	0	0	0	0	0.02127381884625424	0	0	0	0	0.0022839989558861916	0	0.0026102845210127902	0	0	0	0.0025450274079874702	0	0	0	0.002218741842860872	0	0	0	0.1076742364917776	7.178282432785173e-4	0	0	0	0	0	0	0	0	0.00822239624119029	0.0022839989558861916	0.011289480553380318	0.001631427825632994	5.873140172278779e-4	0.001957713390759593	0	0	0	0	0.007830853563038372	0	0.012333594361785435	0.004894283476898982	0	0	0	0	0	0	0	0	0.0026755416340381102	0	0	0	3.9154267815191856e-4	0	0	0	0	0.03549986948577395	0	0	0	0	0	0	0.0016966849386583138	0	0	0	0	0	0	0	0.00097885669537979645	0	0	0.005024797702949621	0	0	0.009853824066823284	0	0	0	0	0	0	0	0	0	9.135995823544767e-4	0	0	0	0	0	3.262855651265988e-4
N19	0	0	0.00697765582124657	0	0	0	0	0	0	0	0	0	0	0	0	0	0.053469227753822034	0	0	0	0	0	0	0	0	0	0	0	0	0	0	0.012700901607212857	0	0	0	0	0	0	0	0	0	0	0	3.1360250882007056e-4	0.0020384163073304588	0	3.920031360250882e-4	0	0.0010192081536652294	0	0	8.624068992551941e-4	2.3520188161505292e-4	0	0	0	0.24147393179145432	0	0	0	0	0	0	0	1.5680125441003528e-4	0	0	0.0021168169345354764	3.1360250882007056e-4	0	0	0.0063504508036064285	0	0.08702469619756958	0	0.0060368482947863586	0.012387299098392788	0	0.0032144257154057233	0	0.0011760094080752645	0	0	0	8.624068992551941e-4	0	0	0	0.02054096432771462	0	0	0	0.0036064288514308113	0.020384163073304585	0	0.0032144257154057233	0	0	0	1.5680125441003528e-4	0	0	0	0	0.010584084672677381	0	0	0	0	0	0	0.0036064288514308113	0	0.0013328106624853	0	0.001568012544100353	0	0	0	0.001960015680125441	0	0	0	0.27581340650725206	0.0016464131713053705	0	0	0	0	0.004939239513916112	0	0	0	0.007996863974911799	0.011838494707957664	0.0106624852998824	0	0	0.0037632301058408467	0	0	0	0	0.0015680125441003528	0.0029008232065856525	0.07448059584476675	0.07048216385731086	0	0	0	0	0	0	0	0	0.0025088200705605645	0	0	0	0	2.3520188161505292e-4	0	0	0	0	0	0.013563308506468051	0	0	0	0	0.0016464131713053705	0	0	0	0	0	3.1360250882007056e-4	0	0	0	0	0.008780870246961977	3.1360250882007056e-4	0	0	0	0	0	0	4.7040376323010584e-4	0	0	0	0	0	0	0	0	0	0	0
N20	0	0	0.0022098659823210722	0	0	5.702879954376961e-4	0	0	0	0	0	0	0	0	0	0	0.1864841745081266	0	0	0	0	2.8514399771884804e-4	0	0	0	0	0	0	0.002780153977758768	0	0	0.01311662389506701	0	0	1.4257199885942402e-4	0	0	0	0	0	0	0	0	0.0016395779868833762	0	0	0	0	0.001211861990305104	0	0	1.4257199885942402e-4	0	0	2.13857998289136e-4	0	0.008768177929854576	0	0.001354433989164528	0	0	0	0	0	0	0	0	0	9.98003992015968e-4	0	0	0.0044197319646421445	0	0.08048189335614485	0	0	0.006558311947533505	0	0	0	0	0.001924721984602224	0	0	2.8514399771884804e-4	0	0	0	0.0026375819788993443	0	6.415739948674081e-4	0	4.99001996007984e-4	0.005203877958368976	0	0.00285143997718848	0	0	0	0	0	2.13857998289136e-4	0	0	0.13259195893926431	0	2.8514399771884804e-4	0	0	0.003065297975477616	0	0.0014970059880239522	0	0	0	0.0058454519532363846	0	0	0	0.003136583974907328	0	0	0	0.32570573139435416	9.267179925862561e-4	0	0	0	3.5642999714856e-4	0.0022098659823210722	0	0	0	0.00213857998289136	0.01140575990875392	0.06301682349586542	0	0	0.0255203877958369	0	0	0	0	0.0018534359851725122	0	0.009694895922440832	0.030652979754776162	0	0	0	0	0	0	0	0	1.4257199885942402e-4	0	0	0	4.27715996578272e-4	0	0	0	0	0.017179925862560595	0	0.008625605930995152	0	0	0	0	0.0029227259766181923	0	0	0	0	0	0	0	0.002352437981180496	0.005774165953806672	0	0	0	0	0	0	0	0	0.009694895922440832	0	0.00142571998859424	0	0	0	0.003778157969774736	0	0	0.001354433989164528	0	0	7.84145993726832e-4
N21	0	0	0.010572000890273759	0	0	0	0	0	0	0	0	0	0	0	0	0	0.20086801691520142	0	0	0	0.0012241264188738038	0	0	0	0	0	0	0	0	0	0	0.13265079011796127	0	0	0	0	0	0	0	0	0	0	0	0.013576674827509459	4.451368795904741e-4	0	0	0	0	0	0	0.0017805475183618963	0	0	0	0	0	0	0	0	0	0	0	0	0	0	0	0	0	0	0	0.019029601602492768	0	0.017471622523926107	0	0.026151791675940353	0.008791453371911864	0	0	0	0.007344758513242822	0.013020253728021366	0	0	0	0.004117516136211885	0	0.003672379256621411	0.14555975962608503	0	0	0	0	0.08390830180280437	0	0.0042288003561095034	0	0	0	0	0	0	0	0	0	0	0	0	0	0	0	0.002782105497440463	0	0	0	0	0	0	0	0.0030046739372357	0	0	0	0.18640106832851103	0.018473180503004675	0	0	0	0	0	0	0	0	0.012908969508123747	0	0	0.0042288003561095034	0	0	0	0	0	0	3.3385265969285556e-4	0	0	0	0	0	0	0	0	0	0	0	0.006343200534164256	0	0	0	0	0	0	0	0	0	0	0	0	0	0	0	0.0661028266191854	0	0	0	0	0	0	0	6.677053193857111e-4	0	0	0	0	0	0	0	0	0	0	6.677053193857111e-4	0	0	0	0	0.003672379256621411	0	0	0	0	0	0
A01	0	0	0	0	0	0.0065067715820534165	0	7.566013467503973e-4	0	1.5132026935007944e-4	3.026405387001589e-4	0	0	0.001059241885450556	0	0	0.11515472497541046	0	0.00522054929257774	0	0	5.29620942725278e-4	0	0	0	0	0	0.009457516834379965	0.006128470908678217	0	0	0.02746462888703942	0	0	0	0	0	0	0	0	0.0025724445789513505	0	0	0.0046909283498524626	0	0	0	0.0017401830975259135	0.005674510100627979	0	0	0.005750170235303019	5.29620942725278e-4	7.566013467503973e-4	0.0012105621548006355	0	0.08133464477566771	0	0	0	0	0	0	0	0	0	0	0.01361882424150715	0.002421124309601271	0	0	0.0012862222894756753	0	0	0	0.008473935083604448	0.04585004161307407	0	9.835817507755163e-4	0	0.04600136188242415	0.014299765453582507	0	0	4.539608080502383e-4	0.2978739502156314	0	0.0059014905046530985	0	0	0	0	0	0	0	0	0	0	0	0	3.783006733751986e-4	0.0020428236362260723	0	0	0	0	0	0	0	0	0	0.0754331542710146	0	0	0	0.003480366195051827	0	0	0	0	0	0	0	0.020503896496935764	0.00537186956192782	0	0	0	0	0.0011349020201255958	0	0	0	0.011802981009306197	0.028902171445865172	0.02405992282666263	0	0.00786865400620413	0.011576000605281078	0	6.052810774003178e-4	0.023000680941212076	3.026405387001589e-4	6.052810774003178e-4	0	0.003783006733751986	0.05341605508057804	0	0	0	0	0	0	0	0	0.008625255352954529	0	0	0	0.0022698040402511915	0	0	0	0	6.809412120753575e-4	0	0	0	0	0	0	0	0	0	0	0	0	0	0	0	0	0	0	0	0	0	0	0	0	0	0	0	0	0	0	0	0	0	0	0	0	0
A02	0	0	0	0	0	0	0	0	0	0	0	0	0	0	0	1.5901790541614986e-4	0.4630919441529116	0	0	0	8.586966892472093e-4	0	0	0	0	0	0.0014947683109118087	0	0.005279394459816175	0	0	0.008459752568139172	0	0	0	0	0	0	0	0	0	0	0	8.905002703304393e-4	6.678752027478294e-4	0.006615144865311834	0	0	0.013039468244124289	0	0	0.003243965270489457	0.0018764112839105684	4.7705371624844956e-4	0	0	0.03259867061031072	0	0	0	0	0	0	0	0	0	0	0.001017714594663359	2.2262506758260981e-4	0	0	0.006774162770727983	0	0.02283497121775912	0	7.632859459975193e-4	0.006646948446395064	0	0	0	0	0.0028941258785739276	0	0	5.088572973316795e-4	0	0	2.2262506758260981e-4	0.006360716216645994	0	0	0	0.001208536081162739	0.06592882358553573	0	0	0	6.042680405813695e-4	0	0	5.724644594981395e-4	1.5901790541614986e-4	0	0	0.005915466081480775	0	6.360716216645995e-4	2.2262506758260981e-4	0	0	0	9.859110135801291e-4	0	0	0	0.020195273987851033	0	0	0	0.001049518175746589	0	0	0	0.058264160544477306	6.042680405813695e-4	0	0	0	0	0.0020036256082434883	0	0	0	0.06964984257227363	0.002035429189326718	0.034761314123970356	0	0.002194447094742868	0.015679165474032378	0	0	0.002162643513659638	0	0.025570079190916896	0.002162643513659638	0.041821709124447416	0.016188022771364056	1.2721432433291987e-4	0	0	0	0	0	0	3.180358108322997e-4	0.0030849473650733073	0	0	0	2.5442864866583975e-4	0	0	6.360716216645994e-5	0	0.018541487771523073	0	0	0	0	0	0	0	0	0	0	0	0	3.180358108322997e-4	0	0	0	0	0.005120376554400025	0	0	0.001272143243329199	0	0	0	0	0.002067232770409948	0	0	0	0	0	0	0.004039054797570206	0	0	0.007124002162643514	9.541074324968991e-5
A03	0	0	0.009842185643984388	0	0	0.001442389275411505	0	0.001018157135584592	0	0	0	0	5.939249957576786e-4	0	0	0	0.37705752587816055	0.003733242830476837	0.017732903444764976	0	0	0.006363482097403699	0	0	0	0	0.0016969285593076533	0.03147802477515697	0.009842185643984388	0	0	0	0	0	0	4.242321398269133e-4	0	0	0	0	0	0	0	7.636178516884439e-4	0	0	0	0	5.09078567792296e-4	0	0	0	0.002969624978788393	0	0	0	0.009672492788053624	0	0	0	0	0	0	0	0	0	0	0	0	0	0	0.0015272357033768878	0	0.03292041405056847	0	0.0023756999830307143	0.008060410656711352	0	0	0	0.005005939249957576	0.00924826064822671	0	0	0.0038180892584422197	0	0	0.00415747497030375	0.011369421347361276	0	0	0	0	0.02197522484303411	0	0	0	0	0	0	0.0022908535550653316	0	0	0	0.025284235533684033	0.004581707110130663	0.0069574070931613784	0	0	0	0	0	0	0	0	0.010181571355845919	0	0	6.787714237230613e-4	0.005345324961819107	5.939249957576786e-4	0	0.0018666214152384185	0.16519599524860004	0.01654505345324962	0	0	0.002036314271169184	0.0033938571186153065	0.009417953504157474	0.001018157135584592	0	0	0.015187510605803495	0	0	0	0	0	0	5.939249957576786e-4	0	0	0.0018666214152384185	0	0.009757339216019005	0.005684710673680638	0	0.009078567792295945	0	0	0	0	0	0	0.012726964194807398	0	0	0	4.242321398269133e-4	0	0	0	0	0	0	0.011623960631257424	0	0	0	0	0	0	0	0	0	0.0015272357033768878	0	0	0.0050907856779229595	0	0	0	0	0	0.01595112845749194	0	0	0	0.0012726964194807399	0	0	0	0	0	0	0	0	0	0	0.07797386730018666	2.54539283896148e-4
A04	0	0	0.0037306232713706826	0	0	0	0	0	0	0	0	0	0	0	0	0	0.5662185630668296	0	0	0	0	0	0	0	0	0	0	0	0.00405222872579919	0	1.2864218177140285e-4	0.04283784652987715	0	0	0	0	0	0	0	0	0	0	0	0	0	0	0	0	8.361741815141185e-4	0	0	0	0	0	0	0	0.09423039814755259	0	0	0	0	0	0	0	0	0	0	0	0	0	0	0.008426062906026887	0	0.03749919598636393	0	5.145687270856114e-4	0.0036019810895992796	0	0	0	0.011063227632340645	0.0026371647263137583	0	0	0.004309513089341996	0.0018653116356853413	0	0.00996976908728372	0.017816942175339294	0	0	0	0	0	0	0	0	0	0	0	0	0	0	0	0.001993953817456744	0	0.001993953817456744	0	0	0	0	9.648163632855213e-4	0	0	0	0	0	0	7.075319997427157e-4	5.145687270856114e-4	0	0	0	0.04277352543899145	0.012285328359168972	0	0	0	0	0	0	0	0	7.718530906284171e-4	0	0	0	0	0	0	0	0	0	0.0026371647263137583	0	0.007589888724512768	0.08747668360455393	0	0	0	0	0	0	0	0	0	0	1.9296327265710427e-4	0	0.0014150639994854313	0	0	0	0	0	0	0	0	0	0	0	0.0272078214446517	0	1.9296327265710427e-4	0	0	0	0	0	0	0	0	0	0	0	0	0	0	0	0	0	0	0	0	0	0.0015437061812568341	0	0	0	0	0	0
A05	0	0	0.0012100840336134453	0	0	0	0	0	0	0	0	0	0	0	0	0	0.4461176470588235	0	0	0	0	0	0	0	0	0	0	0	0.002957983193277311	0	0	0.011361344537815126	0	0	0	0	0	0	0	0	0	0	0	0	0	2.689075630252101e-4	0	0	0.0013445378151260505	0	0	0	0	0	0	0	0.020705882352941178	0	0	0	0	0	0	0	0	0	0	0	5.378151260504202e-4	0	0	0.002352941176470588	0	0.13310924369747898	0	0.007327731092436974	0.014521008403361345	0	0	0	2.689075630252101e-4	0.00961344537815126	0	0	0	0	0	0	0.005042016806722689	0	0	0	0.002285714285714286	0.031260504201680674	0	0	0	2.689075630252101e-4	0	0	0.001411764705882353	0	0	0	0.03529411764705882	0	0	0	0	0	0	0	0	0.0010084033613445378	0	0.0013445378151260505	0	0	0	2.0168067226890757e-4	0	0	0	0.2266890756302521	0.0031596638655462185	0	0	0	0	0.002487394957983193	0	0	0	0.001277310924369748	0	0	0	0	0	0	0	0	0	0.0012100840336134453	0	0.005042016806722689	0.010890756302521008	0	0	0	0	0	0	0	0	0.0010756302521008404	0	0	0	3.361344537815126e-4	0	0	0	0	0	0	4.0336134453781514e-4	0	0	0	0	5.378151260504202e-4	0	0	0	0	0	0	0	0.004100840336134454	0	0	0	0	0	0	0	0.012974789915966387	0	0	0	0	0	0	0	0	0	0	0	0	0	0
A06	0	0	0.05373558415510613	0	0	0	0	0	0	0	0	0	0	0	0	0	0.48621093097108475	0	0	0	0	0	0	0	0	0	0	0	0.009192712685943507	0	0	0.0859100785559084	0	0	0	0	0	0	0	0	0	0	0	0.005599197726892863	0	0	0	0	0	0	0	0.026909577135216446	0	0	1.6714023065351831e-4	0	0.009192712685943507	0	5.014206919605549e-4	0	0	0	0	0	0	0	0	0.0196389771017884	0	0	0	0.0015042620758816648	0	0	0	0.006518468995487214	0.029165970249038945	0	0	0	0.003844225305030921	0	0	0	0	0.03543372889854588	0	0.013120508106301186	0	0	0	0	0	5.84990807287314e-4	0	0	0	0	0	0	0	0	0	0	0	0	0.05691124853752298	0	0	0	0	0.002256393113822497	0	0	0	0	0	0	0	0	0	0.0014206919605549055	0	0.09008858432224635	0.0019221126525154604	0	0	0	0	0.003342804613070366	0	0	0	0.007604880494735082	0	0	0	0.0030085241517633296	0.0017549724218619421	0	0	0	0	0	0	0.004596356342971754	2.5071034598027743e-4	0	0	0	0	0	0	0	0.0018385425371887014	0	0	7.521310379408324e-4	0	0	0	0	0	0	0.0015878321912084238	0	0	0	0	0	0	0	0	0	0	0	0	0	0	0	0	0	0.0315059334781882	0	0	0	0	0	0	0.0031756643824168477	0	0	0	0	0	5.84990807287314e-4	0	0	0	0	1.6714023065351831e-4	0
A07	0	0	0.006224381357218764	0	0	0	0	0.0022013056019432216	0	0	0	0	0	0	0	0	0.3558524366175801	0	0	0	0	0	0	0	0	3.036283588887202e-4	0	0	0.019052679520267193	0	0	0.03028692879914984	0	0	0	0	0	0	0	0	0	0	0	7.590708972218005e-4	0.003795354486109003	0	0	0	0	0	0	0	0	0	0	0	0.024973432518597235	0	0	0	0	0	0	0	0	0	0	0.005161682101108243	0	0	0	0.0025808410505541216	0	0.12866251707909518	0	0.0024290268711097615	0.004174889934719903	0	0	0	0	0.004630332473052983	0	0	0	0.02831334446637316	0	2.2772126916654014e-4	0	0	0.0010626992561105207	0	0.0012145134355548808	0.007211173523607105	0	0	0	0	0	0	8.349779869439805e-4	0	0	0	0.02709883103081828	0	0.006679823895551844	0	0	8.349779869439805e-4	0	0.001745863063610141	0	0	0	0.002656748140276302	0	0	8.349779869439805e-4	0.0013663276149992408	0	0	0	0.19743434036739033	0.0036435403066646423	0	0	0	0	0.0044785182936086234	0	0	0	0.006983452254440564	0	0	0	0.0010626992561105207	0.01632002429026871	0	0	0	0	0.0018217701533323211	0	0.04865644451191742	0.007135266433884925	0	0	0	0	0	0	0	0	0	0	0	0	0	0	0	0	0	0	0	0.004630332473052983	0	0	0	0	6.831638074996204e-4	0	0	0	0	0.01358736906027023	0	0	0.001594048884165781	0	0	3.036283588887202e-4	0	0	0	0	0.01442234704721421	0	0	0.0020494914224988615	0	0	0	0	0	0	0	0	0	0.004023075755275543	0
A08	0	0	0.002880961137673164	0	0	6.742675003064852e-4	0	0	0	0	0	0	0	0	0	0	0.01550815250704916	0	0	0	2.45188181929631e-4	0.0015324261370601936	0.006681377957582444	0.009684933186220424	0.008581586367537085	0.0011033468186833395	0.07809243594458748	0	0.0011646438641657471	0	0	0.005087654775039843	0	0	0	0	0	0	0	0	0	0.0010420497732009316	0	0.010481794777491725	0.002022802500919456	0	0	0	0.007784724776265784	0	0	4.90376363859262e-4	0.008397695231089863	0	0	0	0.023047689101385313	0	0	0	0	0	0	0	0	0	0	9.80752727718524e-4	0	0	0	0.016672796371214906	4.2907931837685425e-4	0.04707613093048915	0	0	0.00625229863920559	0.02635772955743533	0.009439745004290795	0	0	0	0	0	4.2907931837685425e-4	0	0	0	0.003739119774426873	0	3.677822728944465e-4	0	6.129704548240775e-4	0.023231580237832537	0	0.0023292877283314943	0	0	0	4.2907931837685425e-4	6.129704548240775e-4	0	0	0	0.019676351599852888	0	0	0	0	0	0	0	0	0	0	0.028993502513178865	0	0	0	3.0648522741203875e-4	0	0	0	0.1932082873605492	0	0.002880961137673164	0	0	0	0	0	0	0	0.008091210003677823	0.0019002084099546401	0.05602549957092068	0.003861713865391688	0.0018389113644722325	0.016305014098320463	0	0	0.21962731396346696	0	9.80752727718524e-4	0.015753340688978792	0.020779698418536226	0.004474684320215766	0	0.0018389113644722325	0	0	0.002942258183155572	0	0	0	0	0	0	0.007968615912713008	0	0	0	0	0	0	5.516734093416697e-4	0.023047689101385313	0	0.003677822728944465	0.006742675003064852	0	0	0.00545543704793429	0	0	0	0	0	0	4.2907931837685425e-4	0.0033100404560500183	0	4.90376363859262e-4	0	0	0	0	0.01930856932695844	0	0	0.0025744759102611253	0	0	0	0	0	0	7.968615912713007e-4	0.0014098320460953781	0	0	0.0012872379551305626
A09	0	0	8.544400366188587e-4	0	0	9.1547146780592e-4	0	0	0	1.83094293561184e-4	0	0	0	0	0	0	0.10674397314617028	0	0	0	0	0	0	0	0	0	0	0	0.00640830027464144	0	0	0.005431797375648459	0	4.882514494964907e-4	0	0	0	0	0	0	0	0	0	0.0025022886786695148	0	0	0	0	0	0	0	0.010192249008239243	0	0	0	0	0.03704607873054623	0	0	0	0	0	0	0	0	0	0	0.0015868172108635947	0	0	0	0.007384803173634422	0	0.29398840402807447	0	0.003600854440036619	0.09032651815685078	0	0	0.0045773573390296	0	0.003112602990540128	0	0	7.32377174244736e-4	0	0	4.2722001830942935e-4	0.0010375343301800427	0	0	0	0	0.09527006408300275	0	0.0017699115044247787	0	0	0	0	0	8.544400366188587e-4	0.00366188587122368	0	0.009215746109246262	0	0	0	0	7.934086054317974e-4	0	8.544400366188587e-4	0	0	0	0.0011595971925541654	0	0	0	0.013610009154714678	0	7.32377174244736e-4	0.003783948733597803	0.17497711321330484	0.00958193469636863	0	0	0.0020750686603600854	0	0.0013426914861153494	0	0	0	0.002563320109856576	0	0	0	0	0.00274641440341776	0	0	1.83094293561184e-4	0	0.004882514494964907	0	0.0045773573390296	0.055111382361916386	0	0	0	0	0	0	0	0	0.004699420201403723	0	0	0	4.882514494964907e-4	0	0	0	0	0	0	0.024839792493133964	0	0	0	0	0	0	0	3.66188587122368e-4	0	0	0	0	0	0	0	0	0	0	0.00183094293561184	0	0	0	4.882514494964907e-4	0	0	0	0	0	0	0	0	0	0	0	0
A10	0	0	0.03810632518432286	0	0	0	0	0	0	0	0	0	0	0	0	0	0.33713620488940627	0	0.01296080714008537	0	0	0.0044237485448195574	0	0	0	0	0	0	0.007372914241365929	0	0	0.02227396197128444	0.0024835079549864183	0	0	0	0	0	1.5521924718665114e-4	0	0	0	0	0	3.8804811796662784e-4	0.0020954598370197903	0	0	0.0017074117190531625	0	0.006286379511059371	0.004889406286379511	9.313154831199069e-4	0	9.313154831199069e-4	0	0.011175785797438883	0	0	0	0	0	0	0	0	0	0	0.001629802095459837	3.104384943733023e-4	0	0	0.005665502522312767	0	0.06084594489716725	0	0.02142025611175786	0.022041133100504463	0	0	0	0.003414823438106325	0	0	0	0.0027939464493597207	0.0033372138145129995	0	0	0	0	0	0	0	0.002328288707799767	0	0	0	0	0	0	0.0020954598370197903	0	0	0	0.0033372138145129995	0	0.0017074117190531625	0	0	0	0	0	0	0	0	0.01140861466821886	0	0	0	5.43267365153279e-4	0	0	0	0.06216530849825379	0.009313154831199068	0.0018626309662398137	2.3282887077997672e-4	0	0	0.022894838960031045	5.43267365153279e-4	0	0.0011641443538998836	0.0682964687621265	0	0.05696546371750097	0	0	0.006053550640279395	0	0	0	0	0.0026387272021730695	0.0024058983313930927	0.041288319751649205	0.012727978269305393	9.313154831199069e-4	0	0	0	0	0	0	0.001474582848273186	0.003647652308886302	0	0	0	8.537058595265813e-4	0	0	0	0	0	0	0	0	0	0	0	0	0	0	0	0	0.0017850213426464881	0	0	0.0040357004268529294	0	0	0	0	0	0.0044237485448195574	0	0	0	0.003647652308886302	0	0	0	0	0	0	0	0	0	0	0.09445091191307722	0
A11	0	0	0.2298826116253502	0	0	0.1107919282193141	0	0	0	1.0639429726566656e-4	2.482533602865553e-4	0	2.1278859453133312e-4	0	0	0	0.019576550696882647	0	0	1.0639429726566656e-4	0	0	0	0	0	0	1.7732382877611093e-4	0	6.383657835939994e-4	0	0	0.004149377593360996	0	0	0	0	0	0	0	0	0	0	0	0.004255771890626662	0	3.191828917969997e-4	0	0	0.009788275348441323	0	0	6.738305493492215e-4	1.4185906302088876e-4	0	4.965067205731106e-4	0	0.06802142071851615	0	1.4185906302088876e-4	0	0	0	0	0	0	0	0	0.005851686349611661	0	0	1.0639429726566656e-4	0.005745292052345995	0	0.030286909954959747	0	0.002447068837110331	0.020037592651700537	0	0.0025534631343759975	0.0023761393055998863	0	0.0046813490796893285	7.092953151044438e-5	0	0	0	0	0	6.029010178387772e-4	0	0	0	0	0.06390750789091038	0	0.001702308756250665	0	0	0	0	0	0	0	0	0.0063836578359399935	0	0	0	0	8.866191438805547e-4	0	0.004007518530340107	0	0	0	0.013405681455473986	0	0	0	0.0015959144589849984	0	0	0.0010639429726566655	0.07717133028336347	0.001347661098698443	3.901124233074441e-4	0	0	0	2.482533602865553e-4	0	0	0	0.03032237472071497	0.016810298967975316	0.004326701422137107	0	0.005922615881122105	0.007376671277086215	0	0	5.319714863283328e-4	0	0.026385785721885307	0.004823208142710218	0.034081639890768525	0.10635883249991133	0	3.5464765755222185e-4	0	0	0	0	0	4.2557718906266625e-4	0.001702308756250665	0	0	0	0.0013121963329432208	0	0	0	0	0	0	0	0	0	0	0	0	0	0	0	0	0	0	0	2.837181260417775e-4	0	0	0	0	0	0	0	0	0	0	0.02124339468737809	0	0	0	0	0	0	0	0	0	0.041139128276057736	0
A12	0	0	0.002749189341604399	0	0	0	2.1147610320033835e-4	0	0	0	0	0	0	0	0	4.229522064006767e-4	0.31284364866770054	0	0	0.007190187508811504	0	0.004159030029606654	0	0	0	0	0	0.029888622585647822	0.003313125616805301	0	0	0.00683772733681094	0	0	0	0	0	0	0	0	0	0	0	0	0	0.0021147610320033836	0	0	0.013604962639221767	0	0	0	0.0014803327224023686	0	0	0	0.05836740448329339	0	0	0	0	0	0	0	0	0	0	0	0	0	0	0.00430001409840688	0	0.08127731566333005	0	0.005709854786409136	0.024390243902439025	0	0	0.0015508247568024813	0	0.008247568024813197	0	0	0.002326237135203722	0	0	0	0	0	0	0	0.0019032849288030452	0.035739461440857184	0	0.004229522064006767	0	4.229522064006767e-4	0	7.754123784012406e-4	0	0	0	0	0	0	0	4.229522064006767e-4	4.934442408007895e-4	0	0	0	0	0	0	0.007401663612011843	0	0	0	0.0016213167912025941	8.459044128013534e-4	6.344283096010151e-4	0	0.1709431834202735	0	0	0	0	3.5246017200056393e-4	0.0026786973072042857	0	0	9.163964472014663e-4	0.04440998167207105	0.0012688566192020302	0.03383617651205414	0.0054278866488086846	7.049203440011279e-4	0.010221344988016355	0	0	4.229522064006767e-4	0	0.0054278866488086846	0	0.02833779782884534	0.027421401381643874	4.934442408007895e-4	0	0	0	0	0	0	7.754123784012406e-4	0	0	0	0	6.344283096010151e-4	0	0	0	0	0.006203299027209925	0	0.005709854786409136	0	0	0	0	0	0	0	0	0	0	0	0	0.0015508247568024813	0	0	0.007613139715212181	0	0	0.014944311292823911	0	0	0	0	0	0	0	0	0	0	0	0	0.0011983645848019173	0	0.00303115747920485	0
A13	0	0	0	0	0	6.800664953906605e-4	0	0	0	0	0	0	0	0	0	5.289406075260693e-4	0.35091431162158077	0	0	0	0	0.0024935771497657548	0	0	0	0	3.77814719661478e-4	0	0.008463049720417108	0	0	0.009369805047604655	0	0	0	0	0	0	0	1.511258878645912e-4	0	0	0	0.0023424512619011637	0.0014356959347136165	0	0	0	0.009143116215807767	0	0	0	0	0	0	0	0.013752455795677798	0	0	0	0	0	0	0	0	0	0	3.022517757291824e-4	0	0	0	0.0037025842526824844	0	0.05682333383708629	9.823182711198428e-4	0.017606165936224875	0.06264168051987305	0	0	0	0	0.00377814719661478	0	0	9.823182711198428e-4	0	0	0	0	0	0.002266888317968868	0	0	0.003853710140547076	0	0	0	0	0	0	0	0	0.0025691400936980503	0	0.012996826356354843	0	0	0	0	0	0	0	0	0	0	0.008916427384010881	0	0	0	0.0027958289254949374	0	0	0	0.34086444007858546	0.002644703037630346	0	0	0	0	0.0010578812150521385	0	0	0	0.010049871542995316	0.0024935771497657548	0.0037025842526824844	0.009218679159740064	0	0.0017379477104427989	0	0	0	0	0	0	0.008991990327943178	0.025540275049115914	0	0	0	0	0	0	0	0	0.008463049720417108	0	0	0	0.004231524860208554	0	0	0	0	0	0	0	0	0	0	0	0.001133444158984434	0	0	0	0	0	0	0	0	0	0	0	0	0	0	0	0	0	0	0	0	0	0	0	0	0	0	0	0	0	0
A14	0	0	0.0070598006644518275	0	0	0	0	0	0	4.983388704318936e-4	0	0	0	0	0	0	0.15631229235880398	0	0.007973421926910298	0.0030730897009966776	0.0015780730897009968	0.0033222591362126247	0	0	0	0.053488372093023255	0.0877906976744186	0.015282392026578074	0.007475083056478406	0	0	0.031312292358803985	0	0	0	0	0	0	0	0	0	0	0	0	4.152823920265781e-4	0	0	0	0.014285714285714285	0	0	0.0020764119601328905	0.0014119601328903655	0	0	0	0.12358803986710963	0	0	0	0	0	0	0	0	4.152823920265781e-4	0	9.136212624584717e-4	0	0	0	0.013205980066445184	0	0.04111295681063123	0	0.0027408637873754154	0.007973421926910298	0	0	0	0	0	0	0	0	0	0	0	9.966777408637873e-4	0	0	0.002325581395348837	0	0.06054817275747508	0	0.0017441860465116279	0	0	0	0	9.136212624584717e-4	0	0	0	0.00946843853820598	0	4.152823920265781e-4	0	0	4.983388704318936e-4	0	3.322259136212625e-4	0	0	0	0.02084717607973422	0	0	0	0.011710963455149501	0	4.152823920265781e-4	0	0.023255813953488372	0.0024086378737541527	0	2.491694352159468e-4	0	0	0.00340531561461794	0	0	0	0.033471760797342195	0.01420265780730897	0.08147840531561462	0.008222591362126245	0	0.008970099667774087	0	0	0.0014119601328903655	0	0.007225913621262459	0.0022425249169435216	0.005398671096345516	0.053820598006644516	0	0	2.491694352159468e-4	0	0	0	0	0	0.001079734219269103	0	0	0.0015780730897009968	1.6611295681063124e-4	0	0	0	0	0.023754152823920266	0	0	0	0	0	0	0	0	0	0	0	0	3.322259136212625e-4	0	4.152823920265781e-4	0	0	0	0	0	0	0	0.025498338870431892	0	0	0	0	0	0	0	0	0.0011627906976744186	0	0.0015780730897009968	0	0.0049003322259136214	0
A15	0	0	0.023530290580413834	0	0	6.722940165832524e-4	0	0	0	0	0	0	0	0	0	0	0.21222081123478	0	0	0	0	0	0	0	0	0	0	0.014529020691715844	0	0	0	0	0	0	0	0	0	0	0	0	0	0.0024277283932173004	0	0.0023530290580413833	0.0031747217449764695	0	0	0	0.013333831328901173	0	0	0.02046761783820124	1.8674833793979234e-4	0	0	0	0.010308508254276537	0	0	0	0	0	0	0	0	0	0	0	0	0	0	0.006125345484425188	0	0.07847165160230074	0	0.031709867782176736	0.016471203406289683	0	0	0	4.481960110555016e-4	0.010682004930156122	0	0	0.002875924404272802	0	0	0.004743407783670725	0	0	0	1.120490027638754e-4	0	0.017815791439456188	0	0	0	0	0	0	0	0	0	5.975946814073355e-4	0.043923209083439156	0	0	0	0	0.001269888697990588	0	0.017853141107044147	0	0	0.0011578396952267125	7.843430193471278e-4	0	0	4.855456786434601e-4	0.010383207589452454	4.481960110555016e-4	0	0	0.2708597893478748	0.005639799805781729	0	0	0	0	9.337416896989617e-4	0	0	0	0.0019795323821617987	0	0.002614476731157093	0	0.0045193097781429745	0.014192873683424218	0	0	0	0	0.00732053484723986	0	0.1137670874729215	0.011765145290206917	0	0	0	0	0	0	0	0.0010831403600507956	0	0	0	0	0	0	0	3.361470082916262e-4	0	0	0	0	0	0	0	0	0.0014939867035183387	0	0	0	0	0	0	0	0	0	0	0	0	0	0	0	0	0	6.34944348995294e-4	0	0	0.00436991110779114	0	0	0	0	0	0	0	0.008926570553522074	0
A16	0	0	0.002085633664581033	0	0	1.22684333210649e-4	0	0	0	0	0	0	0	0	0	6.13421666053245e-4	0.4831922463501411	0	0	0	0	0	0	0	0	0	0	0	0.003803214329530119	0	0	0.030916451969083547	0	0	0	0	0	0	0	0	0	0	0	0	0.0011655011655011655	8.58790332474543e-4	0	0	0.001472211998527788	0	0	7.36105999263894e-4	0.0014108698319224636	0	0	0	0.04551588762115078	0	0	0	0	0	0	0	0	0	0	0.0025150288308183047	7.36105999263894e-4	0	0	0.0044166359955833635	0	0	0	0.004416635995583364	0	0	0	0	0.012881854987118146	0.003189792663476874	5.520794994479205e-4	0	9.81474665685192e-4	9.201324990798675e-4	0	0.0038032143295301185	0.009692062323641271	0	0	0	0	0.028953502637713163	0	4.293951662372715e-4	0	0	0	0	0	0	0	0	0.016685069316648263	0	0.0016562384983437614	0	0	4.293951662372715e-4	0	0	0	0	0	0.005214084161452582	0	0	0	0.003803214329530119	0	0	0	0.2518095939148571	0.008526561158140105	0	0	0	0.0022696601643970066	0.0031284504968715496	7.974481658692185e-4	0	0.0012881854987118145	0.009446693657219974	0.0023923444976076554	0	0	0	0.007729112992270887	0	0	1.840264998159735e-4	0	0.015703594650963073	0	5.520794994479205e-4	0.00368052999631947	0	0	0	0	0	0	0	4.293951662372715e-4	3.067108330266225e-4	0	0	0	0.0010428168322905165	0	0	0	0	0.014599435652067231	0	0	0	0	0	0	5.520794994479205e-4	0	0	0	0	0	0	0	6.747638326585695e-4	0	0	0	0	0	0	0	0	0	0.001717580664949086	0	0	0	0	0	0	0	0	0	0	0	0
A17	0	0	0.17423609584524072	0	0	0.004308639261376127	0	0	2.6379424049241594e-4	0	0	0	0	0	8.353484282259837e-4	3.077599472411519e-4	0.16935590239613102	0	0	0	0	0	0.003385359419652671	0	0	0	0.14992306001318972	0	5.715541877335678e-4	0	0	0.013497471971861947	0	0	0	0	0	0	0	1.7586282699494395e-4	0	0	0	0.01828973400747417	7.474170147285117e-4	0	0	0	0.0056276104638382065	0	0	3.077599472411519e-4	0	0	0	0	0.01763024840624313	0	0.005671576170586942	0	0	0	0	9.232798417234557e-4	0	0	0	0.0032094965926577268	0	0	0	0.010903495273686524	0	0.030160474829632886	0.002506045284677951	0.09936249725214333	0.05649593317212574	0	0	0	0.0010991426687183997	0.013541437678610683	0	0	0	0.011255220927676413	0	0.003517256539898879	0	0	6.155198944823038e-4	0	0	0	0	0	0	0	0	0	0	0	0	0	0.005891404704330622	0	0.002901736645416575	0	0	0.0020224225104418553	0	0	0	0	0	0.011431083754671357	0	0	0	0.0014508683227082875	0	0	0	0.028841503627170806	0.00954055836447571	0	0	0	0	0	0	0	0	0.015519894482303804	0.03600791382721477	0.009760386898219389	0.0056276104638382065	0	0.0021543196306880634	0	0	1.3189712024620797e-4	0	0.010551769619696637	0.0017586282699494395	0.003561222246647615	0.01521213453506265	0	0	0	0	0	3.517256539898879e-4	0	0	0.010683666739942844	0	7.474170147285117e-4	0	2.6379424049241594e-4	0	0	4.836227742360958e-4	0	0	0	0	0	0	0	0	0	0	0	0	0	0	0	3.9569136073862386e-4	0	0	0	0	0	0	0	0	0.0011870740822158717	0	4.3965706748735987e-4	0.01828973400747417	0	0	0	0	0	3.077599472411519e-4	0	0	0	0.005759507584084414	0
A18	0	0	0.00669888917154244	0	0	0	0	0	0	0	0	0	0	0	0	0	0.37649453065377764	0	0	0	0	0	0	0	0	0	0	0	0.006783685237005003	0	0	0.019927075383702197	0	0	0	0	0	0	0	0	0	0	0	4.2398032731281267e-4	0	0	0	0	0.025099635376918512	0	0	4.2398032731281267e-4	0	0	0	0	0.0710591028576274	0	0	0	0	0	0	0	0	0	0	0	0	0	0	0.0011871449164758754	0	0.05825489697278046	0	0.0022894937674891886	0	0	0.002374289832951751	0	0.006444500975154753	0.003476638683965064	0	0	0.002374289832951751	0.004833375731366065	0	0.008903586873569066	0	0	0	0	0	0.004748579665903502	0	0	0	0	0	0	0	0	0	0	0	0	0	0	0	0	0	0	0	0	0	0.0050029678622911895	5.935724582379377e-4	0	0	0	0	0	0	0.056728567794454336	0.006274908844229628	0	0	0	0	0.010599508182820317	0	0	0	0.005257356058678877	0.010429916051895192	0.03790384126176546	0	0	0.006444500975154753	0	0	0	0	0.0022894937674891886	0	0.02637157635885695	0.04078690748749258	0	0	0	0	0	0	0	0	0.0012719409819384382	0	0.0010175527855507504	0	3.3918426185025017e-4	0	0	0	0	0.06571695073348596	0	0	0	0	0	0	7.631645891630628e-4	0	0	0	0	0	0	0	0	0	0	0.006444500975154753	0	0	0.03434240651233783	0	0	0	0.005257356058678877	0	0	0	0	0	3.3918426185025017e-4	0	0	0	0	0.07343339269057916	5.935724582379377e-4
A19	0	0	0.018303165132976033	0	0	0	0	0	0	0	0	0	0	0	0	0	0.1845484882192335	0	0.004348265749823036	0.0014157144301749419	7.078572150874709e-4	8.08979674385681e-4	0	0	0	0.004146020831226616	4.044898371928405e-4	0.041156840934371525	0.004651633127717666	0	0	0.017898675295783192	0	0	0	0	0	0	0	0	0	0	0	0.001617959348771362	0	0.0010112245929821014	0	6.067347557892608e-4	0.020123369400343816	0	0	0	7.078572150874709e-4	0	7.078572150874709e-4	0	0.10142582667610477	0	0.0010112245929821014	0	0	0	0	0	0	0	0	0.0028314288603498838	8.08979674385681e-4	3.033673778946304e-4	0	0.01446051167964405	0	0.05602184245120841	0.006168470017190818	0.003842653453331985	0.025482859743148952	0	0	0	0	0.005966225098594398	0	0	0.0028314288603498838	0	0	0	0	0	0	0	0.0013145919708767318	0	0	0	0	0	0	0	0.011831327737890586	0	0.0013145919708767318	0	0.0079886742845586	0	0	0	0	0	0	0	0	0	0	0.002426939023157043	0	0	0	7.078572150874709e-4	0	0	0	0.040954596015775106	0.03913439174840732	0	0	0	0	0.008797653958944282	0	0	0	0.010820103144908484	0.0039437759126301954	0.02437051269086864	7.078572150874709e-4	0	0.012033572656487006	0	0	0	0	0.002426939023157043	0	0.025078369905956112	0.010718980685610275	0	0	0	0	0	0	0	5.056122964910507e-4	0.0020224491859642028	0	0	0	0.001516836889473152	0	0	0	0	0.004348265749823036	0	0	0	0	0	0	0	0	0	0	0	0	0	0	7.078572150874709e-4	0	0	0	0	0	5.056122964910507e-4	0	0.02184245120841339	0	0.12165031853574679	0.11800991000101123	0	0	0	0	0	0	0	0	0	0	0
A20	0	0	0.022983439330017	0	0	0.0010704615578364083	0	0	0	0	0	0	0	0	0	0	0.10018260814810151	0	0.0024557647503305837	0.0052263711353189345	0.0014482715194257289	0.0021409231156728167	0	0	0	0.019897991310370882	0.0016371765002203892	0.14041936905736416	0.00661167432781311	0	0	0.01763113154083496	0	0	0	0	0	0	0	0	0	0	0	1.2593665386310686e-4	1.889049807946603e-4	3.1484163465776715e-4	0	0	0.003211384673509225	0	0	0	0	0	3.1484163465776715e-4	0	0.04886342169888547	0	5.037466154524274e-4	0	0	0	0	0	0	0	0	0.0018260814810150494	0.001763113154083496	0	0	0.01341225363642088	0	0.0367735029280272	0.00642276934701845	0.021598136137522827	0.0210943895220704	0	0	0	0.0011963982116995151	0.007871040866444178	0	0	0.003463257981235439	0	0	0	0.0051004344814558275	0	0	0	6.296832693155343e-4	0	0	0	0	0	0	0	0.007241357597128645	0	0	0	0.0010704615578364083	0	0.006170896039292236	0	0	6.296832693155343e-4	0	6.296832693155343e-4	0	0	0	0.00881556577041748	4.40778288520874e-4	0	0	0.0015112398463572824	0	0	0	0.09451545872426169	0.00900447075121214	3.778099615893206e-4	0	0	0	0.0018260814810150494	0	0	0	0.040425665890057305	0.0011963982116995151	0.01674957496379321	0	0.0013853031924941754	0	0	0	8.81556577041748e-4	0	0.0018260814810150494	0	0	0.01486052515584661	0	0	0	3.778099615893206e-4	0	0	2.518733077262137e-4	8.185882501101946e-4	0.00881556577041748	0	0.0010074932309048548	0	0.0031484163465776713	0	0	0	0.00440778288520874	0.015742081732888356	0	0.21138467350922485	0	0	0	0	0	0	0	0	0	0	0	0	0.001763113154083496	0	0	0	0	0	2.518733077262137e-4	0	0.02701341225363642	0	0.017505194886971852	0	0	0	0	0	0	0	0	0	0	0	0.0015742081732888357
A21	0	0	0.006367924528301887	0	0	0	0	0	0	0	0	0	0	0	0	0	0.01099056603773585	0	0	0	0	0	0	0	0	0	0	0	0	0	0	0	0	0.009858490566037735	0	0	0	0	0	0	0	0	0	0	0	0	0	0	9.433962264150943e-5	3.773584905660377e-4	0	0	2.358490566037736e-4	0	0	0	0.062075471698113206	0	0	1.8867924528301886e-4	0	0	0	0	0	0.0010377358490566038	0	0.0019339622641509433	0	0	0	0.004339622641509434	0	0	0	0.0025	0.024339622641509434	0	0.0015566037735849057	0	8.018867924528302e-4	0.003820754716981132	0	0	5.188679245283019e-4	0	0	0	0	0	0	0	0	0.0016037735849056603	0	0.005566037735849056	0	0	0	0	1.4150943396226416e-4	0	0	0	0.0038679245283018866	0	0.006462264150943396	0	0	0.002688679245283019	0	0.004952830188679245	0	0	0	0.016037735849056604	0	0	0	0.0025	0	0.0011792452830188679	0.005849056603773585	0.024386792452830187	0.004481132075471698	0	0	0	0	0	0	0	0	0.01099056603773585	0	0.01660377358490566	0	0.0015094339622641509	0	0	0	0	0	0.0018396226415094339	3.773584905660377e-4	0.002830188679245283	0.07882075471698113	0	0	0	0	0	0	0	0	2.830188679245283e-4	0	9.433962264150943e-4	0	0.0025471698113207547	0	0	0	0	0	0	0	0	0	0	0	0	0	0	0	0	0	0	0	0	0	0	0	0	0	0.0020754716981132076	0	0	9.433962264150943e-5	0	8.962264150943396e-4	0	0	3.3018867924528304e-4	0	3.773584905660377e-4	0	0	0	0	0.6687264150943396	0
A22	0	0	0	0	0	0	0	0	0	0	0	0	0	0	0	0	0.5372066649219227	0	0	0	0	0	0	0	0	0	0	0	0	0	0	0	0	0	0	0	2.6171159382360636e-4	0	0	0	0	0	0	0	0	0	0	0	3.489487917648085e-4	0	0	0	0	0	0	0	0.009159905783826222	0	0	0	0	0	0	0	0	0	0	0	0	0	0	0.010119514961179446	0	0	0	0.03611619994765768	0.013870714472651138	0	0	0	0.025473261798831023	0.007415161825002181	0.0019192183547064468	0.0015702695629416384	0	0	0	0.007676873418825787	0	0	0	0	0	0.07101107912413854	0	0	0	0	0	0	0	0	0	0	0	0	0.004187385501177702	0	0	0	0	0.0011340835732356277	0	0	0	0.008810956992061414	0	0	5.234231876472127e-4	0.001395795167059234	5.234231876472127e-4	3.489487917648085e-4	0	0.10782517665532583	0.008200296606473	0	0	0	0	0.005670417866178138	0	0	0	0.03410974439501003	0	0	4.361859897060106e-4	0.0028788275320596702	0	0	0	0	0	0.020239029922358893	0	0.01605164442118119	0.021983773881182937	0	0	0	0	0	0	0	0.0010468463752944255	0	0	0	0	0.0016575067608828405	0	0	0	0	0	0	0	0	0	0	0	0	0	0	0	0	0	0	0	0	0	7.851347814708192e-4	0	0	0	0.027741428945302276	0	0	0	0.009683328971473436	0	0	0	0	0	0	0	0	0	0	0	0.0026171159382360636
A23	0	0	0.02043670001075616	0	0	0	1.6134236850596966e-4	0	0	0	0	0	0	0	0	7.529310530278584e-4	0.16188017640098956	0	0	0	0	0.0015596428955577067	0	0	0	0.0866946326772077	0.002420135527589545	0	5.915886845218888e-4	0	0	0.011455308163923846	0	0	0	5.378078950198989e-4	0	0	0	0	0	0	0	0.0013983005270517372	0.002527697106593525	0	0	0	2.6890394750994943e-4	0	0	0.0033344089491233733	0	0.0025814778960955146	0	0	0.07561579003979779	0	0	0	0	0	0	0	0	0	0	0.003011724212111434	6.991502635258686e-4	0	0	0.03232225449069592	0	0.04248682370657201	0	0.016564483166612885	0.015542648166075078	0	0	0	0.0047864902656771	0.0025814778960955146	0	0	5.915886845218888e-4	0.003011724212111434	0	0.008873830267828332	0.010971281058405937	0	0	0.01850059158868452	0	0	0	0.01021835000537808	0	0.003226847370119393	0	0	0	0	0	0	0.04205657739055609	0	0.010648596321393998	0	0	0	0	0	0	0	0	0.011132623426911906	0	0	0	0.0012907389480477573	0	0	0	0.05679251371410132	0.010917500268903948	0	0.0015596428955577067	0	0	0.001505862106055717	0	4.302463160159191e-4	0	0.044691836076153596	0	0.0025814778960955146	0	0	0	0	0	0	0	0	0.015435086587071099	0.016779606324620847	0.20624932774013122	0	0	0	1.0756157900397978e-4	0	0	0	9.142734215338281e-4	0	0	0	0	8.067118425298483e-4	0	0	0	0	0.026352586855975045	0	0	0	0	0	0	1.0756157900397978e-4	0	0	0	0	0	0	0	0	0	0	0	0	0	0	0	0	0	0.001452081316553727	0	0	0	0	0	0	0	0	0	0	0.0011831773690437776	0.0013983005270517372
