Sample	d__Bacteria;p__Actinobacteriota;c__Actinomycetia;o__Actinomycetales;f__Actinomycetaceae;g__Pauljensenia	d__Bacteria;p__Actinobacteriota;c__Actinomycetia;o__Actinomycetales;f__Actinomycetaceae;g__Varibaculum	d__Bacteria;p__Actinobacteriota;c__Actinomycetia;o__Actinomycetales;f__Bifidobacteriaceae;g__Bifidobacterium	d__Bacteria;p__Actinobacteriota;c__Actinomycetia;o__Actinomycetales;f__Bifidobacteriaceae;g__Scardovia	d__Bacteria;p__Actinobacteriota;c__Actinomycetia;o__Mycobacteriales;f__Mycobacteriaceae;g__Lawsonella	d__Bacteria;p__Actinobacteriota;c__Coriobacteriia;o__Coriobacteriales;f__Coriobacteriaceae;g__Collinsella	d__Bacteria;p__Actinobacteriota;c__Coriobacteriia;o__Coriobacteriales;f__Coriobacteriaceae;g__Enorma	d__Bacteria;p__Actinobacteriota;c__Coriobacteriia;o__Coriobacteriales;f__Eggerthellaceae;g__	d__Bacteria;p__Actinobacteriota;c__Coriobacteriia;o__Coriobacteriales;f__Eggerthellaceae;g__Adlercreutzia	d__Bacteria;p__Actinobacteriota;c__Coriobacteriia;o__Coriobacteriales;f__Eggerthellaceae;g__CAG-1427	d__Bacteria;p__Actinobacteriota;c__Coriobacteriia;o__Coriobacteriales;f__Eggerthellaceae;g__Eggerthella	d__Bacteria;p__Actinobacteriota;c__Coriobacteriia;o__Coriobacteriales;f__Eggerthellaceae;g__Enteroscipio	d__Bacteria;p__Actinobacteriota;c__Coriobacteriia;o__Coriobacteriales;f__Eggerthellaceae;g__Gordonibacter	d__Bacteria;p__Actinobacteriota;c__Coriobacteriia;o__Coriobacteriales;f__Eggerthellaceae;g__Parvibacter	d__Bacteria;p__Actinobacteriota;c__Coriobacteriia;o__Coriobacteriales;f__Eggerthellaceae;g__Raoultibacter	d__Bacteria;p__Actinobacteriota;c__Coriobacteriia;o__Coriobacteriales;f__Eggerthellaceae;g__Slackia_A	d__Bacteria;p__Bacteroidota;c__Bacteroidia;o__Bacteroidales;f__;g__	d__Bacteria;p__Bacteroidota;c__Bacteroidia;o__Bacteroidales;f__Bacteroidaceae;g__	d__Bacteria;p__Bacteroidota;c__Bacteroidia;o__Bacteroidales;f__Bacteroidaceae;g__Alloprevotella	d__Bacteria;p__Bacteroidota;c__Bacteroidia;o__Bacteroidales;f__Bacteroidaceae;g__Bacteroides	d__Bacteria;p__Bacteroidota;c__Bacteroidia;o__Bacteroidales;f__Bacteroidaceae;g__OM05-12	d__Bacteria;p__Bacteroidota;c__Bacteroidia;o__Bacteroidales;f__Bacteroidaceae;g__Paraprevotella	d__Bacteria;p__Bacteroidota;c__Bacteroidia;o__Bacteroidales;f__Bacteroidaceae;g__Phocaeicola	d__Bacteria;p__Bacteroidota;c__Bacteroidia;o__Bacteroidales;f__Bacteroidaceae;g__Prevotella	d__Bacteria;p__Bacteroidota;c__Bacteroidia;o__Bacteroidales;f__Barnesiellaceae;g__Barnesiella	d__Bacteria;p__Bacteroidota;c__Bacteroidia;o__Bacteroidales;f__Barnesiellaceae;g__CABJAA01	d__Bacteria;p__Bacteroidota;c__Bacteroidia;o__Bacteroidales;f__Coprobacteraceae;g__Coprobacter	d__Bacteria;p__Bacteroidota;c__Bacteroidia;o__Bacteroidales;f__Marinifilaceae;g__Butyricimonas	d__Bacteria;p__Bacteroidota;c__Bacteroidia;o__Bacteroidales;f__Marinifilaceae;g__Odoribacter	d__Bacteria;p__Bacteroidota;c__Bacteroidia;o__Bacteroidales;f__Muribaculaceae;g__Limisoma	d__Bacteria;p__Bacteroidota;c__Bacteroidia;o__Bacteroidales;f__Muribaculaceae;g__UBA7173	d__Bacteria;p__Bacteroidota;c__Bacteroidia;o__Bacteroidales;f__Rikenellaceae;g__Alistipes	d__Bacteria;p__Bacteroidota;c__Bacteroidia;o__Bacteroidales;f__Rikenellaceae;g__Alistipes_A	d__Bacteria;p__Bacteroidota;c__Bacteroidia;o__Bacteroidales;f__Rikenellaceae;g__Tidjanibacter	d__Bacteria;p__Bacteroidota;c__Bacteroidia;o__Bacteroidales;f__Tannerellaceae;g__	d__Bacteria;p__Bacteroidota;c__Bacteroidia;o__Bacteroidales;f__Tannerellaceae;g__Parabacteroides	d__Bacteria;p__Bacteroidota;c__Bacteroidia;o__Bacteroidales;f__UBA932;g__Cryptobacteroides	d__Bacteria;p__Campylobacterota;c__Campylobacteria;o__Campylobacterales;f__Campylobacteraceae;g__Campylobacter_B	d__Bacteria;p__Cyanobacteria;c__Vampirovibrionia;o__Gastranaerophilales;f__Gastranaerophilaceae;g__CAG-196	d__Bacteria;p__Cyanobacteria;c__Vampirovibrionia;o__Gastranaerophilales;f__Gastranaerophilaceae;g__Stercorousia	d__Bacteria;p__Desulfobacterota_I;c__Desulfovibrionia;o__Desulfovibrionales;f__Desulfovibrionaceae;g__Bilophila	d__Bacteria;p__Desulfobacterota_I;c__Desulfovibrionia;o__Desulfovibrionales;f__Desulfovibrionaceae;g__Desulfovibrio	d__Bacteria;p__Desulfobacterota_I;c__Desulfovibrionia;o__Desulfovibrionales;f__Desulfovibrionaceae;g__Mailhella	d__Bacteria;p__Firmicutes;c__Bacilli;o__Acholeplasmatales;f__Acholeplasmataceae;g__Phytoplasma	d__Bacteria;p__Firmicutes;c__Bacilli;o__Erysipelotrichales;f__Coprobacillaceae;g__Catenibacterium	d__Bacteria;p__Firmicutes;c__Bacilli;o__Erysipelotrichales;f__Coprobacillaceae;g__Coprobacillus	d__Bacteria;p__Firmicutes;c__Bacilli;o__Erysipelotrichales;f__Coprobacillaceae;g__Erysipelatoclostridium	d__Bacteria;p__Firmicutes;c__Bacilli;o__Erysipelotrichales;f__Coprobacillaceae;g__Faecalibacillus	d__Bacteria;p__Firmicutes;c__Bacilli;o__Erysipelotrichales;f__Coprobacillaceae;g__Longibaculum	d__Bacteria;p__Firmicutes;c__Bacilli;o__Erysipelotrichales;f__Coprobacillaceae;g__Massiliomicrobiota	d__Bacteria;p__Firmicutes;c__Bacilli;o__Erysipelotrichales;f__Coprobacillaceae;g__Stoquefichus	d__Bacteria;p__Firmicutes;c__Bacilli;o__Erysipelotrichales;f__Erysipelotrichaceae;g__Amedibacillus	d__Bacteria;p__Firmicutes;c__Bacilli;o__Erysipelotrichales;f__Erysipelotrichaceae;g__Bulleidia	d__Bacteria;p__Firmicutes;c__Bacilli;o__Erysipelotrichales;f__Erysipelotrichaceae;g__Clostridium_AQ	d__Bacteria;p__Firmicutes;c__Bacilli;o__Erysipelotrichales;f__Erysipelotrichaceae;g__Dielma	d__Bacteria;p__Firmicutes;c__Bacilli;o__Erysipelotrichales;f__Erysipelotrichaceae;g__DONG20-135	d__Bacteria;p__Firmicutes;c__Bacilli;o__Erysipelotrichales;f__Erysipelotrichaceae;g__Faecalitalea	d__Bacteria;p__Firmicutes;c__Bacilli;o__Erysipelotrichales;f__Erysipelotrichaceae;g__Holdemanella	d__Bacteria;p__Firmicutes;c__Bacilli;o__Erysipelotrichales;f__Erysipelotrichaceae;g__Holdemania	d__Bacteria;p__Firmicutes;c__Bacilli;o__Erysipelotrichales;f__Erysipelotrichaceae;g__Longicatena	d__Bacteria;p__Firmicutes;c__Bacilli;o__Erysipelotrichales;f__Erysipelotrichaceae;g__Massilicoli	d__Bacteria;p__Firmicutes;c__Bacilli;o__Erysipelotrichales;f__Erysipelotrichaceae;g__Merdibacter	d__Bacteria;p__Firmicutes;c__Bacilli;o__Haloplasmatales_A;f__Turicibacteraceae;g__Turicibacter	d__Bacteria;p__Firmicutes;c__Bacilli;o__Lactobacillales;f__Aerococcaceae;g__Granulicatella	d__Bacteria;p__Firmicutes;c__Bacilli;o__Lactobacillales;f__Enterococcaceae;g__Enterococcus	d__Bacteria;p__Firmicutes;c__Bacilli;o__Lactobacillales;f__Enterococcaceae;g__Enterococcus_B	d__Bacteria;p__Firmicutes;c__Bacilli;o__Lactobacillales;f__Lactobacillaceae;g__Lacticaseibacillus	d__Bacteria;p__Firmicutes;c__Bacilli;o__Lactobacillales;f__Lactobacillaceae;g__Ligilactobacillus	d__Bacteria;p__Firmicutes;c__Bacilli;o__Lactobacillales;f__Streptococcaceae;g__Lactococcus	d__Bacteria;p__Firmicutes;c__Bacilli;o__Lactobacillales;f__Streptococcaceae;g__Streptococcus	d__Bacteria;p__Firmicutes;c__Bacilli;o__ML615J-28;f__CAG-313;g__CAG-313	d__Bacteria;p__Firmicutes;c__Bacilli;o__RF39;f__UBA660;g__	d__Bacteria;p__Firmicutes;c__Bacilli;o__RF39;f__UBA660;g__Aphodocola	d__Bacteria;p__Firmicutes;c__Bacilli;o__RF39;f__UBA660;g__CAG-302	d__Bacteria;p__Firmicutes;c__Bacilli;o__RF39;f__UBA660;g__CAG-417	d__Bacteria;p__Firmicutes;c__Bacilli;o__RF39;f__UBA660;g__CAG-605	d__Bacteria;p__Firmicutes;c__Bacilli;o__RF39;f__UBA660;g__Onthocola_B	d__Bacteria;p__Firmicutes;c__Bacilli;o__RFN20;f__CAG-288;g__CAG-288	d__Bacteria;p__Firmicutes;c__Bacilli;o__RFN20;f__CAG-288;g__CAG-345	d__Bacteria;p__Firmicutes;c__Bacilli;o__RFN20;f__CAG-826;g__RUG131	d__Bacteria;p__Firmicutes;c__Bacilli;o__Staphylococcales;f__Gemellaceae;g__Gemella	d__Bacteria;p__Firmicutes_A;c__;o__;f__;g__	d__Bacteria;p__Firmicutes_A;c__Clostridia;o__;f__;g__	d__Bacteria;p__Firmicutes_A;c__Clostridia;o__Acetivibrionales;f__;g__	d__Bacteria;p__Firmicutes_A;c__Clostridia;o__Christensenellales;f__;g__	d__Bacteria;p__Firmicutes_A;c__Clostridia;o__Christensenellales;f__Borkfalkiaceae;g__Borkfalkia	d__Bacteria;p__Firmicutes_A;c__Clostridia;o__Christensenellales;f__Borkfalkiaceae;g__Gallimonas	d__Bacteria;p__Firmicutes_A;c__Clostridia;o__Christensenellales;f__Borkfalkiaceae;g__Scatosoma	d__Bacteria;p__Firmicutes_A;c__Clostridia;o__Christensenellales;f__Borkfalkiaceae;g__UBA10281	d__Bacteria;p__Firmicutes_A;c__Clostridia;o__Christensenellales;f__Borkfalkiaceae;g__UBA1259	d__Bacteria;p__Firmicutes_A;c__Clostridia;o__Christensenellales;f__CAG-138;g__	d__Bacteria;p__Firmicutes_A;c__Clostridia;o__Christensenellales;f__CAG-138;g__PeH17	d__Bacteria;p__Firmicutes_A;c__Clostridia;o__Christensenellales;f__CAG-138;g__Phil1	d__Bacteria;p__Firmicutes_A;c__Clostridia;o__Christensenellales;f__CAG-138;g__RUG472	d__Bacteria;p__Firmicutes_A;c__Clostridia;o__Christensenellales;f__CAG-314;g__CAG-314	d__Bacteria;p__Firmicutes_A;c__Clostridia;o__Christensenellales;f__CAG-314;g__Heteroclostridium	d__Bacteria;p__Firmicutes_A;c__Clostridia;o__Christensenellales;f__CAG-552;g__Protoclostridium	d__Bacteria;p__Firmicutes_A;c__Clostridia;o__Christensenellales;f__CAG-552;g__UBA10677	d__Bacteria;p__Firmicutes_A;c__Clostridia;o__Christensenellales;f__CAG-74;g__	d__Bacteria;p__Firmicutes_A;c__Clostridia;o__Christensenellales;f__CAG-74;g__GCA-900199385	d__Bacteria;p__Firmicutes_A;c__Clostridia;o__Christensenellales;f__CAG-74;g__Onthenecus	d__Bacteria;p__Firmicutes_A;c__Clostridia;o__Christensenellales;f__CAG-74;g__SFMI01	d__Bacteria;p__Firmicutes_A;c__Clostridia;o__Christensenellales;f__CAG-74;g__UBA11524	d__Bacteria;p__Firmicutes_A;c__Clostridia;o__Christensenellales;f__Christensenellaceae;g__	d__Bacteria;p__Firmicutes_A;c__Clostridia;o__Christensenellales;f__Christensenellaceae;g__Christensenella	d__Bacteria;p__Firmicutes_A;c__Clostridia;o__Christensenellales;f__Christensenellaceae;g__NSJ-63	d__Bacteria;p__Firmicutes_A;c__Clostridia;o__Christensenellales;f__Christensenellaceae;g__QANA01	d__Bacteria;p__Firmicutes_A;c__Clostridia;o__Christensenellales;f__GCA-900066905;g__GCA-900066905	d__Bacteria;p__Firmicutes_A;c__Clostridia;o__Christensenellales;f__NSJ-53;g__NSJ-53	d__Bacteria;p__Firmicutes_A;c__Clostridia;o__Christensenellales;f__QALW01;g__QALW01	d__Bacteria;p__Firmicutes_A;c__Clostridia;o__Christensenellales;f__UBA1750;g__Spyradocola	d__Bacteria;p__Firmicutes_A;c__Clostridia;o__Clostridiales;f__Clostridiaceae;g__Clostridium	d__Bacteria;p__Firmicutes_A;c__Clostridia;o__Clostridiales;f__Clostridiaceae;g__Clostridium_P	d__Bacteria;p__Firmicutes_A;c__Clostridia;o__Eubacteriales;f__Anaerofustaceae;g__Anaerofustis	d__Bacteria;p__Firmicutes_A;c__Clostridia;o__Eubacteriales;f__Eubacteriaceae;g__Eubacterium	d__Bacteria;p__Firmicutes_A;c__Clostridia;o__Lachnospirales;f__;g__	d__Bacteria;p__Firmicutes_A;c__Clostridia;o__Lachnospirales;f__Anaerotignaceae;g__	d__Bacteria;p__Firmicutes_A;c__Clostridia;o__Lachnospirales;f__Anaerotignaceae;g__Anaerotignum	d__Bacteria;p__Firmicutes_A;c__Clostridia;o__Lachnospirales;f__Anaerotignaceae;g__Coprocola	d__Bacteria;p__Firmicutes_A;c__Clostridia;o__Lachnospirales;f__Anaerotignaceae;g__Fimicola	d__Bacteria;p__Firmicutes_A;c__Clostridia;o__Lachnospirales;f__Lachnospiraceae;g__	d__Bacteria;p__Firmicutes_A;c__Clostridia;o__Lachnospirales;f__Lachnospiraceae;g__1XD42-69	d__Bacteria;p__Firmicutes_A;c__Clostridia;o__Lachnospirales;f__Lachnospiraceae;g__Acetatifactor	d__Bacteria;p__Firmicutes_A;c__Clostridia;o__Lachnospirales;f__Lachnospiraceae;g__Agathobacter	d__Bacteria;p__Firmicutes_A;c__Clostridia;o__Lachnospirales;f__Lachnospiraceae;g__Anaerobutyricum	d__Bacteria;p__Firmicutes_A;c__Clostridia;o__Lachnospirales;f__Lachnospiraceae;g__Anaerocolumna	d__Bacteria;p__Firmicutes_A;c__Clostridia;o__Lachnospirales;f__Lachnospiraceae;g__Anaerostipes	d__Bacteria;p__Firmicutes_A;c__Clostridia;o__Lachnospirales;f__Lachnospiraceae;g__Bariatricus	d__Bacteria;p__Firmicutes_A;c__Clostridia;o__Lachnospirales;f__Lachnospiraceae;g__Blautia	d__Bacteria;p__Firmicutes_A;c__Clostridia;o__Lachnospirales;f__Lachnospiraceae;g__Blautia_A	d__Bacteria;p__Firmicutes_A;c__Clostridia;o__Lachnospirales;f__Lachnospiraceae;g__Butyribacter	d__Bacteria;p__Firmicutes_A;c__Clostridia;o__Lachnospirales;f__Lachnospiraceae;g__Butyrivibrio_A	d__Bacteria;p__Firmicutes_A;c__Clostridia;o__Lachnospirales;f__Lachnospiraceae;g__CAG-127	d__Bacteria;p__Firmicutes_A;c__Clostridia;o__Lachnospirales;f__Lachnospiraceae;g__CAG-194	d__Bacteria;p__Firmicutes_A;c__Clostridia;o__Lachnospirales;f__Lachnospiraceae;g__CAG-45	d__Bacteria;p__Firmicutes_A;c__Clostridia;o__Lachnospirales;f__Lachnospiraceae;g__CAG-95	d__Bacteria;p__Firmicutes_A;c__Clostridia;o__Lachnospirales;f__Lachnospiraceae;g__Choladocola	d__Bacteria;p__Firmicutes_A;c__Clostridia;o__Lachnospirales;f__Lachnospiraceae;g__Choladousia	d__Bacteria;p__Firmicutes_A;c__Clostridia;o__Lachnospirales;f__Lachnospiraceae;g__Clostridium_AP	d__Bacteria;p__Firmicutes_A;c__Clostridia;o__Lachnospirales;f__Lachnospiraceae;g__Clostridium_Q	d__Bacteria;p__Firmicutes_A;c__Clostridia;o__Lachnospirales;f__Lachnospiraceae;g__Coprococcus	d__Bacteria;p__Firmicutes_A;c__Clostridia;o__Lachnospirales;f__Lachnospiraceae;g__Coprococcus_A	d__Bacteria;p__Firmicutes_A;c__Clostridia;o__Lachnospirales;f__Lachnospiraceae;g__Copromonas	d__Bacteria;p__Firmicutes_A;c__Clostridia;o__Lachnospirales;f__Lachnospiraceae;g__Dorea	d__Bacteria;p__Firmicutes_A;c__Clostridia;o__Lachnospirales;f__Lachnospiraceae;g__Dorea_A	d__Bacteria;p__Firmicutes_A;c__Clostridia;o__Lachnospirales;f__Lachnospiraceae;g__Eisenbergiella	d__Bacteria;p__Firmicutes_A;c__Clostridia;o__Lachnospirales;f__Lachnospiraceae;g__Enterocloster	d__Bacteria;p__Firmicutes_A;c__Clostridia;o__Lachnospirales;f__Lachnospiraceae;g__Eubacterium_F	d__Bacteria;p__Firmicutes_A;c__Clostridia;o__Lachnospirales;f__Lachnospiraceae;g__Eubacterium_G	d__Bacteria;p__Firmicutes_A;c__Clostridia;o__Lachnospirales;f__Lachnospiraceae;g__Eubacterium_I	d__Bacteria;p__Firmicutes_A;c__Clostridia;o__Lachnospirales;f__Lachnospiraceae;g__Extibacter	d__Bacteria;p__Firmicutes_A;c__Clostridia;o__Lachnospirales;f__Lachnospiraceae;g__Faecalimonas	d__Bacteria;p__Firmicutes_A;c__Clostridia;o__Lachnospirales;f__Lachnospiraceae;g__Fusicatenibacter	d__Bacteria;p__Firmicutes_A;c__Clostridia;o__Lachnospirales;f__Lachnospiraceae;g__GCA-900066755	d__Bacteria;p__Firmicutes_A;c__Clostridia;o__Lachnospirales;f__Lachnospiraceae;g__Hungatella	d__Bacteria;p__Firmicutes_A;c__Clostridia;o__Lachnospirales;f__Lachnospiraceae;g__JAGTTR01	d__Bacteria;p__Firmicutes_A;c__Clostridia;o__Lachnospirales;f__Lachnospiraceae;g__KLE1615	d__Bacteria;p__Firmicutes_A;c__Clostridia;o__Lachnospirales;f__Lachnospiraceae;g__Lachnoclostridium_B	d__Bacteria;p__Firmicutes_A;c__Clostridia;o__Lachnospirales;f__Lachnospiraceae;g__Lachnospira	d__Bacteria;p__Firmicutes_A;c__Clostridia;o__Lachnospirales;f__Lachnospiraceae;g__Lachnotalea	d__Bacteria;p__Firmicutes_A;c__Clostridia;o__Lachnospirales;f__Lachnospiraceae;g__Lacrimispora	d__Bacteria;p__Firmicutes_A;c__Clostridia;o__Lachnospirales;f__Lachnospiraceae;g__Limivivens	d__Bacteria;p__Firmicutes_A;c__Clostridia;o__Lachnospirales;f__Lachnospiraceae;g__Marvinbryantia	d__Bacteria;p__Firmicutes_A;c__Clostridia;o__Lachnospirales;f__Lachnospiraceae;g__Massilistercora	d__Bacteria;p__Firmicutes_A;c__Clostridia;o__Lachnospirales;f__Lachnospiraceae;g__Mediterraneibacter	d__Bacteria;p__Firmicutes_A;c__Clostridia;o__Lachnospirales;f__Lachnospiraceae;g__Mediterraneibacter_A	d__Bacteria;p__Firmicutes_A;c__Clostridia;o__Lachnospirales;f__Lachnospiraceae;g__Murimonas	d__Bacteria;p__Firmicutes_A;c__Clostridia;o__Lachnospirales;f__Lachnospiraceae;g__Oliverpabstia	d__Bacteria;p__Firmicutes_A;c__Clostridia;o__Lachnospirales;f__Lachnospiraceae;g__Roseburia	d__Bacteria;p__Firmicutes_A;c__Clostridia;o__Lachnospirales;f__Lachnospiraceae;g__RUG115	d__Bacteria;p__Firmicutes_A;c__Clostridia;o__Lachnospirales;f__Lachnospiraceae;g__Ruminococcus_B	d__Bacteria;p__Firmicutes_A;c__Clostridia;o__Lachnospirales;f__Lachnospiraceae;g__UBA3402	d__Bacteria;p__Firmicutes_A;c__Clostridia;o__Lachnospirales;f__Lachnospiraceae;g__UMGS1375	d__Bacteria;p__Firmicutes_A;c__Clostridia;o__Lachnospirales;f__Lachnospiraceae;g__Ventrimonas	d__Bacteria;p__Firmicutes_A;c__Clostridia;o__Lachnospirales;f__Lachnospiraceae;g__Ventrisoma	d__Bacteria;p__Firmicutes_A;c__Clostridia;o__Lachnospirales;f__UBA1390;g__NSJ-32	d__Bacteria;p__Firmicutes_A;c__Clostridia;o__Monoglobales;f__Monoglobaceae;g__Monoglobus	d__Bacteria;p__Firmicutes_A;c__Clostridia;o__Oscillospirales;f__;g__	d__Bacteria;p__Firmicutes_A;c__Clostridia;o__Oscillospirales;f__Acutalibacteraceae;g__	d__Bacteria;p__Firmicutes_A;c__Clostridia;o__Oscillospirales;f__Acutalibacteraceae;g__Acutalibacter	d__Bacteria;p__Firmicutes_A;c__Clostridia;o__Oscillospirales;f__Acutalibacteraceae;g__Anaeromassilibacillus	d__Bacteria;p__Firmicutes_A;c__Clostridia;o__Oscillospirales;f__Acutalibacteraceae;g__CAG-177	d__Bacteria;p__Firmicutes_A;c__Clostridia;o__Oscillospirales;f__Acutalibacteraceae;g__CAG-217	d__Bacteria;p__Firmicutes_A;c__Clostridia;o__Oscillospirales;f__Acutalibacteraceae;g__Caproicibacterium	d__Bacteria;p__Firmicutes_A;c__Clostridia;o__Oscillospirales;f__Acutalibacteraceae;g__Clostridium_A	d__Bacteria;p__Firmicutes_A;c__Clostridia;o__Oscillospirales;f__Acutalibacteraceae;g__Eubacterium_R	d__Bacteria;p__Firmicutes_A;c__Clostridia;o__Oscillospirales;f__Acutalibacteraceae;g__Fimenecus	d__Bacteria;p__Firmicutes_A;c__Clostridia;o__Oscillospirales;f__Acutalibacteraceae;g__Hydrogeniiclostridium	d__Bacteria;p__Firmicutes_A;c__Clostridia;o__Oscillospirales;f__Acutalibacteraceae;g__JAGZMM01	d__Bacteria;p__Firmicutes_A;c__Clostridia;o__Oscillospirales;f__Acutalibacteraceae;g__NSJ-40	d__Bacteria;p__Firmicutes_A;c__Clostridia;o__Oscillospirales;f__Acutalibacteraceae;g__Pseudoruminococcus_A	d__Bacteria;p__Firmicutes_A;c__Clostridia;o__Oscillospirales;f__Acutalibacteraceae;g__Ruminococcus_E	d__Bacteria;p__Firmicutes_A;c__Clostridia;o__Oscillospirales;f__Acutalibacteraceae;g__Solibaculum	d__Bacteria;p__Firmicutes_A;c__Clostridia;o__Oscillospirales;f__Acutalibacteraceae;g__UBA1417	d__Bacteria;p__Firmicutes_A;c__Clostridia;o__Oscillospirales;f__Acutalibacteraceae;g__UBA737	d__Bacteria;p__Firmicutes_A;c__Clostridia;o__Oscillospirales;f__Acutalibacteraceae;g__UMGS1071	d__Bacteria;p__Firmicutes_A;c__Clostridia;o__Oscillospirales;f__Butyricicoccaceae;g__	d__Bacteria;p__Firmicutes_A;c__Clostridia;o__Oscillospirales;f__Butyricicoccaceae;g__Agathobaculum	d__Bacteria;p__Firmicutes_A;c__Clostridia;o__Oscillospirales;f__Butyricicoccaceae;g__Pseudobutyricicoccus	d__Bacteria;p__Firmicutes_A;c__Clostridia;o__Oscillospirales;f__CAG-272;g__	d__Bacteria;p__Firmicutes_A;c__Clostridia;o__Oscillospirales;f__CAG-272;g__Avispirillum	d__Bacteria;p__Firmicutes_A;c__Clostridia;o__Oscillospirales;f__CAG-272;g__QALR01	d__Bacteria;p__Firmicutes_A;c__Clostridia;o__Oscillospirales;f__CAG-382;g__UMGS882	d__Bacteria;p__Firmicutes_A;c__Clostridia;o__Oscillospirales;f__Oscillospiraceae;g__	d__Bacteria;p__Firmicutes_A;c__Clostridia;o__Oscillospirales;f__Oscillospiraceae;g__An92	d__Bacteria;p__Firmicutes_A;c__Clostridia;o__Oscillospirales;f__Oscillospiraceae;g__CAG-83	d__Bacteria;p__Firmicutes_A;c__Clostridia;o__Oscillospirales;f__Oscillospiraceae;g__Dysosmobacter	d__Bacteria;p__Firmicutes_A;c__Clostridia;o__Oscillospirales;f__Oscillospiraceae;g__ER4	d__Bacteria;p__Firmicutes_A;c__Clostridia;o__Oscillospirales;f__Oscillospiraceae;g__Flavonifractor	d__Bacteria;p__Firmicutes_A;c__Clostridia;o__Oscillospirales;f__Oscillospiraceae;g__Instestinimonas_A	d__Bacteria;p__Firmicutes_A;c__Clostridia;o__Oscillospirales;f__Oscillospiraceae;g__Intestinimonas	d__Bacteria;p__Firmicutes_A;c__Clostridia;o__Oscillospirales;f__Oscillospiraceae;g__Lawsonibacter	d__Bacteria;p__Firmicutes_A;c__Clostridia;o__Oscillospirales;f__Oscillospiraceae;g__Limivicinus	d__Bacteria;p__Firmicutes_A;c__Clostridia;o__Oscillospirales;f__Oscillospiraceae;g__Marseille-P3106	d__Bacteria;p__Firmicutes_A;c__Clostridia;o__Oscillospirales;f__Oscillospiraceae;g__NSJ-51	d__Bacteria;p__Firmicutes_A;c__Clostridia;o__Oscillospirales;f__Oscillospiraceae;g__Oscillibacter	d__Bacteria;p__Firmicutes_A;c__Clostridia;o__Oscillospirales;f__Oscillospiraceae;g__Pelethomonas	d__Bacteria;p__Firmicutes_A;c__Clostridia;o__Oscillospirales;f__Oscillospiraceae;g__Pseudoflavonifractor	d__Bacteria;p__Firmicutes_A;c__Clostridia;o__Oscillospirales;f__Oscillospiraceae;g__Sporobacter	d__Bacteria;p__Firmicutes_A;c__Clostridia;o__Oscillospirales;f__Oscillospiraceae;g__UBA2658	d__Bacteria;p__Firmicutes_A;c__Clostridia;o__Oscillospirales;f__Ruminococcaceae;g__	d__Bacteria;p__Firmicutes_A;c__Clostridia;o__Oscillospirales;f__Ruminococcaceae;g__Anaerotruncus	d__Bacteria;p__Firmicutes_A;c__Clostridia;o__Oscillospirales;f__Ruminococcaceae;g__Angelakisella	d__Bacteria;p__Firmicutes_A;c__Clostridia;o__Oscillospirales;f__Ruminococcaceae;g__Avimicrobium	d__Bacteria;p__Firmicutes_A;c__Clostridia;o__Oscillospirales;f__Ruminococcaceae;g__Bittarella	d__Bacteria;p__Firmicutes_A;c__Clostridia;o__Oscillospirales;f__Ruminococcaceae;g__CAG-353	d__Bacteria;p__Firmicutes_A;c__Clostridia;o__Oscillospirales;f__Ruminococcaceae;g__Faecalibacterium	d__Bacteria;p__Firmicutes_A;c__Clostridia;o__Oscillospirales;f__Ruminococcaceae;g__Fournierella	d__Bacteria;p__Firmicutes_A;c__Clostridia;o__Oscillospirales;f__Ruminococcaceae;g__Gemmiger	d__Bacteria;p__Firmicutes_A;c__Clostridia;o__Oscillospirales;f__Ruminococcaceae;g__Gemmiger_A	d__Bacteria;p__Firmicutes_A;c__Clostridia;o__Oscillospirales;f__Ruminococcaceae;g__Hydrogenoanaerobacterium	d__Bacteria;p__Firmicutes_A;c__Clostridia;o__Oscillospirales;f__Ruminococcaceae;g__Negativibacillus	d__Bacteria;p__Firmicutes_A;c__Clostridia;o__Oscillospirales;f__Ruminococcaceae;g__Neobittarella	d__Bacteria;p__Firmicutes_A;c__Clostridia;o__Oscillospirales;f__Ruminococcaceae;g__Pararuminococcus	d__Bacteria;p__Firmicutes_A;c__Clostridia;o__Oscillospirales;f__Ruminococcaceae;g__Phocea	d__Bacteria;p__Firmicutes_A;c__Clostridia;o__Oscillospirales;f__Ruminococcaceae;g__Pygmaiobacter	d__Bacteria;p__Firmicutes_A;c__Clostridia;o__Oscillospirales;f__Ruminococcaceae;g__QANG01	d__Bacteria;p__Firmicutes_A;c__Clostridia;o__Oscillospirales;f__Ruminococcaceae;g__Ruminiclostridium_E	d__Bacteria;p__Firmicutes_A;c__Clostridia;o__Oscillospirales;f__Ruminococcaceae;g__Ruminococcus	d__Bacteria;p__Firmicutes_A;c__Clostridia;o__Oscillospirales;f__Ruminococcaceae;g__Ruminococcus_C	d__Bacteria;p__Firmicutes_A;c__Clostridia;o__Oscillospirales;f__Ruminococcaceae;g__Ruminococcus_D	d__Bacteria;p__Firmicutes_A;c__Clostridia;o__Oscillospirales;f__Ruminococcaceae;g__Ruminococcus_F	d__Bacteria;p__Firmicutes_A;c__Clostridia;o__Oscillospirales;f__Ruminococcaceae;g__Ruthenibacterium	d__Bacteria;p__Firmicutes_A;c__Clostridia;o__Oscillospirales;f__Ruminococcaceae;g__SFJ001	d__Bacteria;p__Firmicutes_A;c__Clostridia;o__Oscillospirales;f__Ruminococcaceae;g__UBA1394	d__Bacteria;p__Firmicutes_A;c__Clostridia;o__Peptostreptococcales;f__;g__	d__Bacteria;p__Firmicutes_A;c__Clostridia;o__Peptostreptococcales;f__Anaerovoracaceae;g__	d__Bacteria;p__Firmicutes_A;c__Clostridia;o__Peptostreptococcales;f__Anaerovoracaceae;g__Alterileibacterium	d__Bacteria;p__Firmicutes_A;c__Clostridia;o__Peptostreptococcales;f__Anaerovoracaceae;g__CAG-238	d__Bacteria;p__Firmicutes_A;c__Clostridia;o__Peptostreptococcales;f__Anaerovoracaceae;g__Copromorpha	d__Bacteria;p__Firmicutes_A;c__Clostridia;o__Peptostreptococcales;f__Anaerovoracaceae;g__Fimisoma	d__Bacteria;p__Firmicutes_A;c__Clostridia;o__Peptostreptococcales;f__Anaerovoracaceae;g__Mogibacterium	d__Bacteria;p__Firmicutes_A;c__Clostridia;o__Peptostreptococcales;f__Anaerovoracaceae;g__S5-A14a	d__Bacteria;p__Firmicutes_A;c__Clostridia;o__Peptostreptococcales;f__Anaerovoracaceae;g__UBA3871	d__Bacteria;p__Firmicutes_A;c__Clostridia;o__Peptostreptococcales;f__Filifactoraceae;g__Criibacterium	d__Bacteria;p__Firmicutes_A;c__Clostridia;o__Peptostreptococcales;f__Peptostreptococcaceae;g__Clostridioides	d__Bacteria;p__Firmicutes_A;c__Clostridia;o__Peptostreptococcales;f__Peptostreptococcaceae;g__Intestinibacter	d__Bacteria;p__Firmicutes_A;c__Clostridia;o__Peptostreptococcales;f__Peptostreptococcaceae;g__Peptostreptococcus	d__Bacteria;p__Firmicutes_A;c__Clostridia;o__Peptostreptococcales;f__Peptostreptococcaceae;g__Romboutsia	d__Bacteria;p__Firmicutes_A;c__Clostridia;o__Peptostreptococcales;f__Peptostreptococcaceae;g__Terrisporobacter	d__Bacteria;p__Firmicutes_A;c__Clostridia;o__Saccharofermentanales;f__Saccharofermentanaceae;g__Saccharofermentans	d__Bacteria;p__Firmicutes_A;c__Clostridia;o__TANB77;f__CAG-508;g__	d__Bacteria;p__Firmicutes_A;c__Clostridia;o__TANB77;f__CAG-508;g__CAG-269	d__Bacteria;p__Firmicutes_A;c__Clostridia;o__TANB77;f__CAG-508;g__CAG-273	d__Bacteria;p__Firmicutes_A;c__Clostridia;o__TANB77;f__CAG-508;g__CAG-452	d__Bacteria;p__Firmicutes_A;c__Clostridia;o__TANB77;f__CAG-508;g__Merdicola	d__Bacteria;p__Firmicutes_A;c__Clostridia;o__Tissierellales;f__Peptoniphilaceae;g__	d__Bacteria;p__Firmicutes_A;c__Clostridia;o__Tissierellales;f__Peptoniphilaceae;g__Anaerococcus	d__Bacteria;p__Firmicutes_A;c__Clostridia;o__Tissierellales;f__Peptoniphilaceae;g__Ezakiella	d__Bacteria;p__Firmicutes_A;c__Clostridia;o__Tissierellales;f__Peptoniphilaceae;g__Fenollaria	d__Bacteria;p__Firmicutes_A;c__Clostridia;o__Tissierellales;f__Peptoniphilaceae;g__Finegoldia	d__Bacteria;p__Firmicutes_A;c__Clostridia;o__Tissierellales;f__Peptoniphilaceae;g__Lagierella	d__Bacteria;p__Firmicutes_A;c__Clostridia;o__Tissierellales;f__Peptoniphilaceae;g__Murdochiella	d__Bacteria;p__Firmicutes_A;c__Clostridia;o__Tissierellales;f__Peptoniphilaceae;g__Parvimonas	d__Bacteria;p__Firmicutes_A;c__Clostridia;o__Tissierellales;f__Peptoniphilaceae;g__Peptoniphilus_A	d__Bacteria;p__Firmicutes_A;c__Clostridia;o__Tissierellales;f__Peptoniphilaceae;g__Peptoniphilus_C	d__Bacteria;p__Firmicutes_A;c__Clostridia;o__Tissierellales;f__Peptoniphilaceae;g__W5053	d__Bacteria;p__Firmicutes_A;c__Clostridia;o__UBA1381;f__UBA1381;g__CAG-41	d__Bacteria;p__Firmicutes_A;c__Clostridia;o__UMGS1810;f__UMGS1810;g__NSJ-50	d__Bacteria;p__Firmicutes_B;c__;o__;f__;g__	d__Bacteria;p__Firmicutes_B;c__Peptococcia;o__DRI-13;f__UBA5745;g__WRMS01	d__Bacteria;p__Firmicutes_C;c__Negativicutes;o__Acidaminococcales;f__Acidaminococcaceae;g__Acidaminococcus	d__Bacteria;p__Firmicutes_C;c__Negativicutes;o__Acidaminococcales;f__Acidaminococcaceae;g__Phascolarctobacterium	d__Bacteria;p__Firmicutes_C;c__Negativicutes;o__Acidaminococcales;f__Acidaminococcaceae;g__Phascolarctobacterium_A	d__Bacteria;p__Firmicutes_C;c__Negativicutes;o__Selenomonadales;f__Selenomonadaceae;g__Megamonas	d__Bacteria;p__Firmicutes_C;c__Negativicutes;o__Selenomonadales;f__Selenomonadaceae;g__Mitsuokella	d__Bacteria;p__Firmicutes_C;c__Negativicutes;o__Veillonellales;f__Dialisteraceae;g__	d__Bacteria;p__Firmicutes_C;c__Negativicutes;o__Veillonellales;f__Dialisteraceae;g__Dialister	d__Bacteria;p__Firmicutes_C;c__Negativicutes;o__Veillonellales;f__Megasphaeraceae;g__	d__Bacteria;p__Firmicutes_C;c__Negativicutes;o__Veillonellales;f__Megasphaeraceae;g__Megasphaera	d__Bacteria;p__Firmicutes_C;c__Negativicutes;o__Veillonellales;f__Negativicoccaceae;g__Negativicoccus	d__Bacteria;p__Firmicutes_C;c__Negativicutes;o__Veillonellales;f__Veillonellaceae;g__Veillonella	d__Bacteria;p__Firmicutes_C;c__Negativicutes;o__Veillonellales;f__Veillonellaceae;g__Veillonella_A	d__Bacteria;p__Fusobacteriota;c__Fusobacteriia;o__Fusobacteriales;f__Fusobacteriaceae;g__Fusobacterium	d__Bacteria;p__Fusobacteriota;c__Fusobacteriia;o__Fusobacteriales;f__Fusobacteriaceae;g__Fusobacterium_A	d__Bacteria;p__Fusobacteriota;c__Fusobacteriia;o__Fusobacteriales;f__Fusobacteriaceae;g__Fusobacterium_B	d__Bacteria;p__Fusobacteriota;c__Fusobacteriia;o__Fusobacteriales;f__Leptotrichiaceae;g__JABCPH02	d__Bacteria;p__Patescibacteria;c__Saccharimonadia;o__Saccharimonadales;f__Nanosynbacteraceae;g__Nanosynbacter	d__Bacteria;p__Patescibacteria;c__Saccharimonadia;o__Saccharimonadales;f__Nanosyncoccaceae;g__UBA2834	d__Bacteria;p__Proteobacteria;c__Alphaproteobacteria;o__RF32;f__CAG-239;g__	d__Bacteria;p__Proteobacteria;c__Alphaproteobacteria;o__RF32;f__CAG-239;g__CAG-267	d__Bacteria;p__Proteobacteria;c__Alphaproteobacteria;o__RF32;f__CAG-239;g__CAZU01	d__Bacteria;p__Proteobacteria;c__Alphaproteobacteria;o__RF32;f__CAG-239;g__Scatacola_A	d__Bacteria;p__Proteobacteria;c__Alphaproteobacteria;o__RF32;f__CAG-239;g__Scatocola	d__Bacteria;p__Proteobacteria;c__Gammaproteobacteria;o__Burkholderiales;f__Burkholderiaceae;g__Comamonas	d__Bacteria;p__Proteobacteria;c__Gammaproteobacteria;o__Burkholderiales;f__Burkholderiaceae;g__Duodenibacillus	d__Bacteria;p__Proteobacteria;c__Gammaproteobacteria;o__Burkholderiales;f__Burkholderiaceae;g__Oxalobacter	d__Bacteria;p__Proteobacteria;c__Gammaproteobacteria;o__Burkholderiales;f__Burkholderiaceae;g__Parasutterella	d__Bacteria;p__Proteobacteria;c__Gammaproteobacteria;o__Burkholderiales;f__Burkholderiaceae;g__Ralstonia	d__Bacteria;p__Proteobacteria;c__Gammaproteobacteria;o__Burkholderiales;f__Burkholderiaceae;g__Sutterella	d__Bacteria;p__Proteobacteria;c__Gammaproteobacteria;o__Burkholderiales;f__Neisseriaceae;g__Neisseria	d__Bacteria;p__Proteobacteria;c__Gammaproteobacteria;o__Enterobacterales;f__Enterobacteriaceae;g__	d__Bacteria;p__Proteobacteria;c__Gammaproteobacteria;o__Enterobacterales;f__Enterobacteriaceae;g__Klebsiella	d__Bacteria;p__Proteobacteria;c__Gammaproteobacteria;o__Enterobacterales;f__Enterobacteriaceae;g__Proteus	d__Bacteria;p__Proteobacteria;c__Gammaproteobacteria;o__Enterobacterales;f__Pasteurellaceae;g__Actinobacillus	d__Bacteria;p__Proteobacteria;c__Gammaproteobacteria;o__Enterobacterales;f__Pasteurellaceae;g__Haemophilus_A	d__Bacteria;p__Proteobacteria;c__Gammaproteobacteria;o__Enterobacterales;f__Pasteurellaceae;g__Haemophilus_D	d__Bacteria;p__Synergistota;c__Synergistia;o__Synergistales;f__Synergistaceae;g__Cloacibacillus	d__Bacteria;p__Verrucomicrobiota;c__Verrucomicrobiae;o__Verrucomicrobiales;f__;g__	d__Bacteria;p__Verrucomicrobiota;c__Verrucomicrobiae;o__Verrucomicrobiales;f__Akkermansiaceae;g__Akkermansia	Unclassified
N01	0	0	19	0	0	2	0	0	0	0	0	0	0	0	0	0	0	0	0	1734	0	0	3186	0	74	0	0	7	199	0	0	17	0	0	0	684	0	0	0	0	0	0	0	0	0	0	0	204	0	0	0	0	0	0	0	0	0	0	28	0	0	0	0	0	0	0	0	0	0	6	0	0	0	0	0	0	0	0	0	0	0	0	0	0	0	0	0	0	0	0	0	0	0	0	0	0	0	0	0	0	25	0	50	0	0	0	0	0	0	0	0	5	0	0	0	0	0	23	0	0	46	0	442	1206	53	0	79	0	0	137	116	0	0	0	0	0	64	12	0	0	0	0	260	0	0	358	60	0	111	17	0	0	81	0	0	0	33	0	427	0	0	0	0	0	0	0	0	0	0	0	0	0	70	0	0	0	0	8	12	0	0	0	0	0	35	0	0	0	0	0	0	155	0	0	0	0	0	26	14	0	0	0	0	0	0	20	80	0	202	0	0	313	0	0	7	36	0	0	0	0	0	0	0	18	0	0	4874	0	1945	0	0	0	0	0	0	0	0	0	0	0	0	0	41	0	0	0	0	0	0	0	0	0	0	0	0	0	0	0	0	0	0	0	0	0	0	0	0	0	0	4	0	0	0	0	0	0	0	46	0	0	0	0	1008	0	257	0	0	33	0	0	0	17	0	2	0	229	0	0	0	0	0	0	0	0	0	0	0	0	0	1410	0	0	0	0	0	0	10	0	0	561	0
N02	9	4	379	0	9	21	0	0	0	0	0	0	5	0	0	0	0	0	0	9075	0	0	1729	123	0	0	0	0	277	0	0	111	0	0	0	1257	0	5	0	0	0	0	0	0	0	0	106	87	3	0	0	0	75	367	146	7	0	0	26	29	0	0	0	0	0	0	0	0	0	33	0	0	0	0	0	0	0	0	0	0	0	0	60	0	7	0	0	0	0	0	0	0	0	0	0	0	0	0	0	0	30	0	0	19	27	0	0	0	0	0	0	523	0	0	0	0	0	80	0	0	495	0	0	43	136	0	26	0	0	334	0	0	0	0	0	0	0	15	20	369	0	0	0	0	0	99	29	0	36	0	0	77	0	0	756	0	6	15	0	0	0	0	0	0	0	0	0	0	0	0	398	0	0	0	0	0	0	71	0	43	13	0	0	0	144	442	0	22	0	0	0	0	0	0	0	81	0	25	0	0	0	0	0	0	0	38	27	0	218	0	2	19	0	0	78	0	0	0	0	0	0	25	0	11	0	0	262	0	62	0	0	0	0	0	16	0	0	0	0	51	11	0	38	0	0	0	0	7	0	33	83	0	179	0	0	22	35	18	59	0	0	0	0	0	0	0	40	31	13	151	18	0	0	350	87	8	0	6	0	0	0	0	0	0	0	0	0	33	0	0	3	0	0	0	0	0	0	0	0	0	0	0	0	0	0	0	0	34	0	0	0	969	0	0	20	0	0	0	0	0	13
N03	0	0	68	0	0	18	0	0	6	0	0	0	0	0	0	0	0	44	0	896	0	154	2863	3276	190	0	67	66	45	0	0	177	0	0	0	270	9	0	0	0	17	64	0	0	8	0	28	39	0	0	0	0	0	12	23	0	20	231	5	0	0	0	33	0	0	0	0	0	0	11	0	2	0	0	0	6	0	0	0	0	0	0	75	0	0	0	0	9	0	0	10	0	10	0	0	0	0	0	0	0	154	0	215	0	0	9	0	0	0	29	14	444	0	0	0	0	5	8	0	0	79	0	363	1573	25	10	25	0	12	440	54	245	180	0	0	0	22	15	0	0	40	0	0	0	0	315	0	18	67	0	0	129	141	0	112	0	46	0	116	0	0	0	0	0	70	0	0	0	519	34	0	0	0	0	0	0	0	133	48	0	0	105	7	0	0	53	12	0	0	5	0	91	0	0	0	0	0	68	8	0	8	0	10	322	0	576	58	421	19	0	0	69	16	0	0	0	3	0	7	0	136	4	0	5	0	24	2839	0	536	0	0	0	0	0	0	0	0	172	29	0	0	0	25	73	0	0	20	0	28	0	0	0	0	20	0	0	13	0	21	0	0	0	77	0	0	54	0	0	0	2	0	0	3	3	0	0	0	20	0	2	0	0	0	0	0	0	0	77	0	0	0	0	0	0	0	0	0	0	0	0	0	0	0	0	0	0	0	0	0	1317	0	17	0	0	0	0	14	0	0	143	6
N04	0	0	365	0	0	0	0	79	33	0	0	0	0	44	0	0	0	0	0	751	0	0	3489	11586	110	0	0	81	55	0	157	117	0	0	0	396	0	0	0	0	72	0	0	10	0	0	146	57	0	0	0	0	0	0	0	0	0	0	54	0	0	7	89	13	0	0	0	0	5	226	0	0	0	0	127	0	0	0	0	0	9	0	124	0	40	0	0	17	0	0	0	0	0	0	0	0	0	0	37	0	71	0	174	0	0	0	11	0	0	0	0	45	0	0	0	0	217	88	0	0	373	0	2093	1542	129	0	287	0	0	667	272	0	630	0	0	0	0	30	12	83	94	0	0	0	0	109	0	89	0	0	0	0	194	0	0	0	59	0	566	0	0	0	0	0	272	0	0	0	434	1278	0	0	0	0	0	0	0	412	60	8	19	448	145	0	0	139	0	0	0	0	0	18	5	0	0	103	0	410	0	0	0	0	0	227	19	697	431	79	210	0	0	422	134	11	80	0	0	0	0	0	147	11	0	0	0	0	2111	0	5054	0	0	34	0	10	0	0	0	675	0	44	13	0	200	0	0	0	173	0	0	109	0	0	0	0	0	0	274	0	49	0	0	200	100	0	0	0	0	0	0	0	0	4	0	0	0	0	0	495	0	0	0	0	170	0	0	0	0	52	0	0	0	3	0	0	0	0	0	0	0	0	0	0	0	0	0	0	0	517	9	8	0	201	0	0	0	0	6	0	0	626	0
N05	0	0	638	0	0	8	0	0	2	0	0	0	0	0	0	0	0	6	0	906	0	0	1687	274	810	0	60	22	511	0	0	167	0	28	4	905	0	0	30	0	65	0	22	0	0	0	80	2	0	0	0	0	0	0	11	0	0	0	6	0	0	0	0	0	0	0	0	0	0	5	52	0	0	5	0	0	0	0	0	0	0	0	77	0	7	0	0	29	0	0	108	59	0	72	117	0	0	0	0	10	59	0	0	0	11	10	17	0	0	0	15	2	0	0	0	0	0	86	0	0	354	0	253	86	27	0	177	0	0	505	11	659	1235	71	0	23	5	0	0	0	0	0	0	0	78	957	0	70	91	14	0	0	151	0	0	0	25	0	623	0	0	0	0	0	0	0	0	0	19	0	0	0	0	0	0	0	19	139	6	0	0	0	0	0	0	41	283	0	0	0	8	37	0	0	0	47	0	24	22	0	11	59	0	238	0	495	42	414	0	37	97	44	0	0	30	0	0	0	0	0	82	6	0	12	0	0	2165	0	576	0	0	0	0	0	21	0	0	457	0	87	0	0	31	0	0	0	13	0	30	24	0	0	0	0	0	0	2	0	5	0	17	0	34	151	0	197	0	0	0	0	0	0	0	0	0	0	0	102	0	0	6	0	2355	0	0	0	0	0	0	0	0	21	0	0	0	0	0	0	3	0	0	72	0	0	0	0	0	214	0	0	0	0	0	0	0	0	0	0	0	1433	8
N06	0	7	268	0	0	38	0	7	7	0	0	0	14	0	0	0	0	0	0	597	0	0	324	1478	199	0	0	0	84	0	0	373	109	0	0	197	0	0	29	0	18	0	0	0	0	0	56	261	0	0	0	0	0	0	29	0	0	0	23	5	0	0	22	0	0	0	0	0	3	123	0	0	0	0	0	0	0	0	0	0	4	0	24	0	6	0	0	0	0	0	0	0	46	0	0	0	0	0	0	0	158	0	121	16	0	0	11	0	0	0	0	119	0	0	0	0	0	18	0	0	28	0	297	878	298	0	218	0	0	976	0	0	320	0	18	44	0	0	0	0	0	0	87	0	290	317	0	15	139	0	0	0	174	0	0	0	9	0	19	0	0	0	0	7	119	0	0	0	278	37	0	0	0	0	0	0	52	158	49	0	21	0	0	0	87	441	0	0	9	0	0	176	0	0	454	172	0	145	0	0	0	0	0	361	0	130	67	70	0	0	20	38	189	0	47	0	0	0	0	0	28	0	0	40	0	0	974	0	3328	0	27	0	0	0	9	0	69	163	133	0	28	0	106	0	0	0	103	0	35	181	0	0	0	0	0	0	0	0	39	0	0	0	9	0	0	0	0	0	0	42	0	0	0	4	0	0	0	76	0	0	9	0	0	0	0	0	0	282	0	0	0	0	0	0	0	0	0	5	0	0	0	0	0	0	0	0	0	0	0	13	0	0	0	0	0	0	0	0	0	113	0
N07	0	0	186	0	0	85	0	0	3	0	6	0	0	0	0	0	0	0	0	3303	0	0	2833	336	0	7	82	0	244	0	0	216	18	0	0	586	0	0	0	0	78	0	0	0	0	0	13	192	0	0	0	0	0	42	0	0	0	0	0	0	0	0	6	0	0	5	0	0	0	8	0	0	0	0	5	0	0	0	0	0	0	0	152	0	0	6	0	17	0	0	0	126	0	0	70	0	0	27	0	0	131	0	223	0	0	0	21	0	0	0	0	0	0	0	0	0	0	211	0	0	142	0	0	319	262	0	170	0	0	846	30	0	0	0	0	0	16	32	0	7	60	0	0	0	65	133	64	115	48	0	0	0	413	0	0	0	312	0	23	0	0	16	0	0	144	0	0	22	108	0	63	0	0	0	0	6	0	402	0	0	0	558	0	3	0	264	10	0	7	0	0	248	0	28	0	38	0	9	11	0	28	0	0	474	13	1556	121	231	29	0	0	19	20	0	48	0	0	0	0	0	41	11	0	19	7	31	3123	0	1619	0	5	0	0	9	0	0	0	96	10	103	39	0	20	0	0	5	49	0	9	48	4	0	0	0	0	0	3	0	0	0	21	12	39	127	0	157	0	7	0	0	0	0	0	0	3	0	0	7	0	0	0	0	798	0	40	0	0	1410	0	0	0	0	0	108	0	0	0	0	0	0	58	0	0	0	0	0	0	125	0	14	0	1009	0	0	0	0	0	0	0	29	22
N08	0	0	107	0	0	0	0	0	0	0	0	0	0	0	0	0	0	0	0	791	0	0	1165	303	88	9	81	0	227	0	0	472	35	0	0	492	0	0	0	0	67	0	0	0	0	0	0	22	0	0	0	0	0	0	0	0	0	0	6	0	0	0	0	0	0	0	0	0	0	0	98	0	0	35	0	0	0	0	0	0	0	24	53	41	18	0	0	30	0	0	9	428	0	98	0	3	0	0	11	0	389	0	342	0	0	4	8	0	0	6	20	0	0	0	0	0	0	20	0	44	39	0	26	257	33	0	0	0	0	210	0	0	34	0	0	0	0	7	0	0	0	0	0	0	0	132	81	0	57	0	0	0	272	0	0	0	30	0	55	0	0	0	0	0	0	0	0	0	14	0	0	0	0	0	0	0	20	135	244	34	0	0	0	0	0	22	0	0	0	0	0	2972	0	0	0	44	0	17	0	0	0	0	0	671	5	1184	205	352	35	0	0	97	93	0	0	0	0	0	0	0	71	22	0	0	0	0	2242	0	1271	0	0	16	0	0	0	0	15	177	182	26	37	77	28	0	0	0	7	0	6	14	0	0	0	20	0	0	34	0	9	0	0	45	0	774	0	0	0	0	0	0	0	0	0	0	0	0	0	0	0	0	13	0	0	0	0	0	0	14	0	0	0	0	0	0	0	0	0	0	0	0	25	0	0	0	0	0	0	73	0	0	0	277	0	0	0	0	0	0	0	931	9
N09	0	0	114	0	0	16	0	0	0	0	0	0	0	0	0	0	0	0	0	818	0	89	1295	14016	0	0	0	0	0	0	0	336	7	0	0	668	0	0	0	0	7	0	0	0	0	0	65	15	0	0	0	0	0	0	0	0	0	0	6	0	0	0	22	0	0	0	0	0	0	24	0	0	0	0	0	0	0	0	0	0	0	0	75	0	0	16	0	176	0	0	0	0	0	0	0	0	0	0	0	0	66	0	551	0	0	0	0	7	0	0	0	47	0	0	0	0	5	0	29	0	7	15	218	1354	101	40	163	0	0	416	326	0	429	0	104	0	29	0	0	10	72	0	7	0	49	824	0	0	231	0	0	0	290	0	0	0	115	0	380	0	0	0	0	0	0	0	0	24	266	24	0	65	0	0	0	0	0	82	0	0	0	37	20	0	31	353	152	0	0	0	0	141	0	0	0	0	0	22	0	0	0	0	0	530	0	484	72	353	0	0	10	60	0	0	48	0	0	0	0	0	0	0	0	0	0	0	4109	0	632	0	0	0	0	0	0	0	2	47	57	19	592	0	6	0	0	0	12	0	4	7	0	0	0	0	0	0	62	0	42	0	0	0	0	0	543	304	0	0	0	0	0	0	0	0	0	0	0	44	0	0	0	0	910	0	0	0	0	0	0	0	0	46	0	0	0	0	0	0	0	0	0	0	0	0	0	0	0	0	0	408	0	0	0	0	0	0	56	0	0	74	0
N10	0	0	1915	0	0	55	0	5	23	4	0	0	0	0	0	0	0	0	0	1805	0	195	2649	1255	0	335	0	22	163	0	0	115	0	0	0	145	0	0	0	0	22	0	0	0	0	0	96	0	0	0	0	0	0	11	3	0	0	0	20	0	0	0	0	6	0	0	0	0	0	0	0	0	0	0	0	0	0	0	0	0	0	0	31	0	6	0	0	7	0	0	0	0	2	0	0	0	0	0	0	17	119	0	0	0	13	0	0	0	0	0	0	6	0	3	0	0	0	83	0	0	85	0	180	1123	217	2	624	0	29	1156	19	0	0	0	0	27	0	0	0	117	0	0	73	0	153	73	40	53	26	7	0	0	57	0	157	0	0	0	136	0	0	0	0	0	0	19	0	47	0	129	0	0	0	65	0	0	749	218	23	0	0	0	91	0	24	119	50	0	0	0	0	98	0	0	0	56	0	85	6	0	0	0	0	222	15	263	73	412	128	0	0	53	119	0	42	0	21	25	0	0	22	19	0	13	0	0	2353	0	1226	0	0	14	0	0	0	19	12	113	0	0	120	0	122	0	39	0	21	0	0	45	52	0	12	0	0	0	0	0	27	0	0	8	110	0	0	0	0	0	0	36	0	0	3	0	0	0	0	939	0	0	5	0	571	0	0	0	0	0	0	0	0	0	0	0	0	0	0	5	0	0	0	0	0	0	0	0	0	63	0	0	0	108	0	0	0	0	0	0	0	1013	7
N11	0	0	433	0	0	19	0	0	0	20	0	0	0	0	0	0	0	9	0	1221	0	194	1123	1136	0	211	0	14	57	0	0	80	31	0	0	278	0	4	0	0	0	0	0	0	0	0	6	89	0	0	0	0	0	0	7	0	0	0	55	0	0	0	13	0	0	0	0	0	0	26	0	0	0	0	0	0	0	0	0	0	0	0	20	0	0	0	0	0	0	0	0	0	2	0	0	0	0	0	211	0	135	0	0	28	15	0	0	9	0	0	9	0	0	0	0	0	0	105	0	0	120	0	855	151	61	26	116	0	0	457	32	0	363	0	0	0	0	0	10	0	0	0	0	0	129	201	0	27	56	6	0	0	133	0	0	0	0	0	10	0	0	0	0	0	115	0	0	0	76	0	0	0	0	0	0	0	961	62	68	22	0	0	477	0	9	0	0	0	0	0	30	0	0	0	0	80	0	138	0	0	32	0	0	325	0	879	125	680	74	0	0	80	147	0	72	0	25	0	0	0	69	7	0	0	0	0	1470	0	2824	0	0	0	0	17	0	26	33	77	44	0	257	0	76	0	0	12	11	0	8	52	4	0	0	0	0	0	0	0	21	0	0	0	0	0	0	0	3	0	0	23	0	0	0	0	0	0	0	168	0	0	0	0	991	0	0	0	0	14	0	0	0	6	0	0	0	0	0	0	0	0	0	0	0	0	0	0	0	23	6	0	0	33	0	0	0	0	0	0	0	440	25
N12	0	0	13	0	0	0	0	0	0	0	0	0	0	0	0	0	0	0	0	171	0	58	1063	9923	0	0	6	0	5	198	0	5	0	0	0	44	0	0	0	0	0	7	0	0	0	0	0	5	0	0	0	0	0	0	0	0	0	28	0	0	0	0	0	0	0	0	0	0	0	57	0	0	0	0	0	0	0	0	0	0	0	0	0	0	0	0	0	0	0	0	0	0	0	0	0	0	0	0	4	0	28	0	0	0	0	0	0	0	0	0	0	16	0	0	0	0	0	0	0	0	21	0	0	400	0	0	19	0	0	62	3	0	0	0	0	0	0	0	0	0	0	0	0	0	0	120	0	0	0	0	0	0	24	0	0	0	0	0	316	0	0	0	0	0	0	0	0	0	549	130	0	0	0	0	0	0	0	0	0	0	0	0	0	0	0	3	0	0	0	0	0	0	0	0	0	0	0	24	0	0	0	0	0	36	0	39	0	43	0	0	0	0	64	0	0	8	0	0	0	0	0	0	0	0	0	0	3046	0	219	0	0	0	0	0	0	0	0	0	0	0	0	0	0	0	0	0	0	0	0	0	0	0	0	0	0	0	0	0	0	0	0	0	0	0	0	0	0	0	0	0	0	0	0	0	0	0	0	25	0	0	0	0	0	0	0	0	0	423	0	0	0	173	0	0	0	0	0	2	0	0	0	0	0	0	0	0	0	0	0	314	0	0	0	0	0	0	66	0	0	0	0
N13	0	0	94	2	0	0	0	0	0	0	0	0	0	0	0	0	0	0	0	7896	0	0	5641	0	0	0	0	0	0	0	0	87	0	0	0	0	0	0	0	0	81	0	0	0	0	0	34	50	0	0	0	0	0	0	0	0	0	0	15	0	0	0	0	0	0	0	0	0	0	48	0	0	0	0	0	0	0	0	0	0	0	0	6	0	0	0	0	102	0	0	0	0	0	0	0	0	0	0	0	0	25	0	0	0	0	0	43	0	0	0	0	59	0	0	0	8	0	0	0	0	49	0	150	2851	41	0	164	0	41	353	0	0	0	0	0	0	23	0	0	0	34	0	0	0	17	445	0	29	0	0	0	0	316	0	63	0	97	0	507	0	0	0	0	0	38	0	0	0	133	0	0	0	0	0	0	0	12	24	9	0	37	0	0	0	0	110	0	0	0	0	0	481	0	29	0	0	7	18	0	0	0	0	0	299	0	1705	242	0	64	0	0	264	114	0	5	0	0	0	0	0	172	5	0	7	0	0	1833	0	991	0	8	6	0	0	0	0	24	0	0	31	211	0	43	0	0	0	38	0	12	9	10	0	0	0	0	0	58	0	10	7	0	0	0	0	0	0	0	0	0	0	0	0	0	0	0	0	0	61	0	0	0	0	0	0	0	0	0	308	0	0	0	459	0	3	0	0	0	0	0	0	0	0	0	0	0	0	0	455	0	0	0	61	0	0	0	0	247	0	0	25	0
N14	0	0	363	0	0	0	0	0	0	0	0	0	0	0	0	0	0	0	0	2573	0	0	1511	0	0	51	0	0	99	0	0	484	15	0	0	100	0	0	0	0	0	0	0	0	0	0	0	26	0	0	0	0	0	0	0	0	0	0	0	3	0	0	0	0	0	0	0	0	0	20	0	0	0	0	0	0	0	0	0	7	0	0	33	0	0	0	0	0	0	0	0	0	0	0	0	0	0	0	15	0	0	0	0	0	0	0	0	0	0	0	0	0	0	0	0	0	0	0	0	0	58	0	276	1343	43	0	151	12	0	144	0	0	0	0	0	0	0	0	0	0	0	0	0	0	0	953	0	5	0	0	0	0	181	0	0	0	13	0	63	0	0	0	0	0	0	0	0	0	0	0	0	0	0	0	0	0	8	24	20	0	0	0	0	0	29	0	174	0	0	0	0	42	0	0	0	9	0	0	0	0	0	0	0	165	0	405	15	241	0	0	0	33	21	0	19	17	0	0	0	47	72	0	0	0	0	0	1151	0	337	0	2	0	0	0	0	6	0	39	0	0	91	0	0	0	0	0	0	0	10	2	0	0	0	0	0	0	0	0	13	0	0	0	9	0	0	0	0	0	0	0	0	0	0	0	0	0	0	14	0	0	0	0	0	0	0	0	0	35	0	0	0	31	0	0	0	0	0	0	0	0	0	0	0	0	0	68	0	0	0	0	0	0	0	0	0	0	9	0	0	0	0
N15	3	0	1270	0	0	96	0	0	0	0	0	0	0	0	0	0	14	8	0	14813	0	0	3142	0	17	0	0	0	0	0	0	65	0	0	0	518	0	0	0	0	0	81	0	0	0	0	0	4	0	0	0	0	0	24	15	10	0	0	0	97	0	0	0	0	10	0	0	0	0	600	0	0	0	0	0	0	0	0	0	0	0	0	13	0	0	0	0	0	0	0	0	0	10	0	0	0	0	0	0	0	0	0	4	0	0	0	0	0	0	0	0	0	0	0	3	0	0	0	0	0	106	0	0	0	268	0	34	20	0	366	0	0	0	0	0	0	0	12	0	183	0	0	0	0	0	583	0	0	0	0	19	0	0	0	146	0	0	0	71	0	0	0	0	0	160	0	0	0	0	0	0	0	0	0	0	0	65	57	21	16	0	248	0	0	35	0	0	0	0	0	0	36	0	0	0	9	0	4	0	0	0	0	0	6	0	301	35	9	614	0	0	26	0	0	63	0	0	0	0	0	77	26	0	0	0	0	3378	0	254	0	0	0	0	0	0	0	0	13	0	0	0	0	106	0	0	0	0	0	0	21	0	0	13	0	0	0	5	0	0	0	35	0	0	0	0	0	0	4	0	13	0	0	0	0	38	0	0	0	0	0	0	0	99	0	0	0	0	15	0	28	0	0	0	47	0	0	0	0	0	0	0	0	0	0	0	0	8	0	0	0	0	396	0	0	0	0	0	0	0	6	27
N16	0	0	127	0	0	30	0	0	0	0	0	0	0	0	0	0	0	0	0	98	0	0	10844	0	235	0	0	14	35	0	0	56	0	0	0	19	0	0	0	0	0	0	0	13	0	0	0	0	0	0	0	0	0	7	0	0	0	0	11	0	0	0	0	0	0	0	0	0	0	55	0	0	0	0	0	0	0	0	0	0	0	0	0	0	28	0	0	0	0	0	0	0	0	0	0	0	0	0	0	0	12	0	0	0	0	0	0	0	0	0	0	8	0	0	24	0	0	11	0	0	0	0	0	0	0	0	0	0	0	39	0	0	0	0	0	0	0	0	23	31	0	0	0	0	0	62	0	0	0	0	0	0	0	0	245	0	0	0	0	0	0	0	0	0	0	0	0	0	0	0	0	0	0	0	0	0	0	0	40	0	0	0	0	0	0	29	0	0	0	0	0	0	0	0	0	20	0	0	0	0	0	0	0	0	0	0	0	58	20	0	0	0	0	0	0	0	0	18	0	0	0	0	0	0	0	0	75	0	0	966	0	0	0	0	0	0	0	0	0	0	0	0	170	0	0	0	23	0	0	7	0	0	0	0	0	0	0	0	10	0	0	0	0	0	0	0	0	0	11	0	0	0	2	0	15	0	0	0	0	0	0	0	179	0	0	0	0	22	0	0	0	0	0	0	0	0	0	0	0	0	0	0	0	0	0	0	0	0	0	0	0	5196	0	0	0	0	0	0	0	6704	18
N17	0	0	0	0	0	0	0	0	2	0	0	0	0	0	0	0	0	0	0	1223	0	0	1030	0	0	0	0	0	0	0	0	88	0	0	0	0	0	0	0	0	0	0	0	0	0	0	0	18	0	0	0	0	0	0	0	0	0	0	8	12	0	0	0	0	0	0	0	0	0	2	0	0	0	0	0	0	0	0	0	0	0	0	10	0	0	0	0	0	0	0	0	0	0	0	0	0	0	0	0	0	19	0	0	0	0	0	6	0	0	6	0	0	0	0	0	0	0	13	0	0	61	0	0	1438	55	0	282	26	0	374	0	0	0	0	0	0	0	11	0	0	0	0	0	0	0	100	0	174	0	0	0	57	471	0	56	0	101	0	137	0	0	0	0	0	0	0	0	0	0	0	0	0	0	0	0	0	17	35	0	0	4	0	26	0	0	0	0	0	0	0	58	66	0	124	0	21	0	26	0	0	0	0	0	73	0	467	75	511	26	0	0	0	0	0	24	0	0	0	0	0	0	0	0	7	0	0	1725	0	762	0	0	32	0	0	0	0	0	109	0	0	98	0	0	0	0	0	7	0	25	15	0	0	0	0	0	0	114	0	0	0	0	0	0	0	0	0	0	0	0	0	0	0	0	0	0	0	0	0	0	0	0	0	0	0	0	0	0	29	0	0	0	43	0	0	0	0	0	0	0	0	0	0	0	0	0	0	0	0	0	39	0	126	0	0	0	0	5	0	0	0	0
N18	4	0	175	0	0	5	0	0	3	0	0	0	0	0	0	0	0	0	0	594	0	0	5964	0	169	0	0	0	14	0	0	206	5	0	0	242	0	0	0	0	0	0	0	0	0	0	5	36	0	0	0	0	0	0	0	0	0	0	6	0	0	0	0	0	0	0	0	0	0	15	0	0	0	0	0	0	0	0	0	0	0	0	63	0	0	7	0	0	0	0	0	0	0	0	0	0	0	0	0	0	107	0	0	0	0	0	0	0	0	0	0	0	0	0	0	0	0	0	0	0	67	0	12	2046	47	0	79	0	0	201	65	0	0	0	0	0	0	0	0	0	85	0	0	0	0	471	0	32	0	0	0	0	117	0	0	0	23	0	312	0	0	0	0	0	26	0	0	0	0	217	0	0	0	0	0	0	28	4	5	4	0	17	0	0	24	75	480	0	0	0	0	41	0	0	0	27	0	34	0	0	0	0	0	41	0	173	25	0	11	0	0	0	35	0	9	0	0	0	0	0	0	0	0	15	0	0	1641	0	75	0	0	0	0	0	0	0	0	0	39	0	109	0	9	0	0	0	7	0	0	15	0	0	0	0	0	0	40	0	65	0	0	0	0	0	0	0	0	0	0	0	0	0	0	0	0	0	0	29	0	0	0	0	544	0	0	0	0	15	0	0	0	26	0	0	0	0	0	0	0	0	0	0	0	0	0	0	0	228	0	0	0	0	0	0	0	0	14	0	0	0	0
N19	0	0	89	0	0	0	0	0	0	0	0	0	0	0	0	0	0	0	0	673	9	0	0	0	0	0	0	0	0	0	0	0	0	0	0	162	0	0	0	0	0	0	0	0	0	0	3	29	0	0	0	0	0	0	0	0	0	0	0	0	0	3	0	0	0	0	0	0	0	4	0	0	0	0	0	0	0	0	0	0	0	0	14	0	0	0	0	3	0	0	0	0	0	0	0	0	0	0	0	0	10	0	0	0	5	0	0	0	0	0	0	11	0	0	0	0	0	0	0	0	63	0	57	1245	35	0	77	0	0	161	41	0	0	0	0	0	10	0	0	0	41	0	0	0	0	218	0	34	0	0	0	0	0	0	0	0	46	0	3048	0	0	0	0	0	0	0	0	0	0	0	0	0	0	0	0	0	0	48	0	0	0	0	0	0	0	241	0	0	0	0	0	719	0	0	0	0	0	25	0	0	0	0	0	17	0	136	63	0	21	0	0	113	151	0	0	0	0	0	0	0	0	0	0	9	0	0	3518	0	899	0	0	0	0	0	0	0	0	0	0	23	208	0	0	0	0	0	4	0	0	0	27	0	0	0	0	0	46	0	17	0	0	0	37	0	0	0	0	0	0	0	0	0	0	0	0	0	2	20	0	0	0	0	0	0	0	0	0	173	0	0	0	21	0	0	0	0	0	0	0	0	0	0	0	4	4	0	0	112	0	0	0	6	0	0	0	0	0	0	0	0	0
N20	0	0	31	0	0	8	0	0	0	0	0	0	0	0	0	0	0	0	0	942	0	0	1685	0	0	0	0	0	4	0	0	39	0	0	0	184	0	2	0	0	33	81	0	0	0	0	0	2	0	0	0	0	0	0	0	0	0	0	6	0	0	0	0	0	0	0	0	0	0	23	0	0	0	0	19	0	0	0	0	0	0	0	0	0	0	0	0	0	0	0	0	0	0	0	0	0	0	0	17	0	0	0	0	0	0	0	0	0	0	0	0	2	0	0	0	0	0	4	0	0	47	0	73	2989	8	0	0	0	9	92	40	0	0	0	0	44	0	0	0	0	0	0	0	0	0	0	0	0	0	0	0	0	27	0	0	0	7	0	54	0	0	0	3	0	0	11	0	0	0	0	0	0	0	0	0	0	0	36	0	0	0	50	0	0	0	0	2	0	0	0	0	96	0	0	0	23	0	44	0	0	0	0	0	305	0	445	31	486	13	0	0	11	160	0	0	0	0	0	0	0	56	0	0	10	0	0	4556	0	430	0	0	0	0	0	0	0	0	0	0	18	22	0	13	0	0	0	14	0	0	0	0	0	0	0	0	0	21	0	43	0	0	0	0	0	0	0	0	0	0	19	0	0	0	0	0	0	0	26	0	0	0	0	241	0	0	0	0	121	0	0	0	41	0	0	0	0	0	0	0	0	0	0	0	0	0	0	0	0	0	0	0	136	20	0	0	0	53	0	0	0	0
N21	0	0	95	0	0	0	0	0	0	0	0	0	0	0	0	0	0	0	0	1805	0	0	0	0	0	0	0	11	0	0	0	0	0	0	0	1192	0	0	0	0	6	0	0	0	0	0	0	57	0	0	0	0	0	0	0	0	0	0	0	0	0	0	0	0	0	0	0	0	0	122	0	0	0	0	0	0	0	0	0	0	0	0	0	0	0	0	0	0	0	0	0	0	0	0	0	0	0	0	0	0	0	0	0	0	0	0	0	0	0	0	0	16	0	0	0	0	0	0	0	0	57	0	0	157	0	0	235	0	0	79	38	0	0	0	0	0	0	0	0	0	0	0	0	0	0	865	63	0	0	0	0	0	117	0	37	0	0	0	1347	0	0	0	0	0	0	0	0	0	0	0	0	0	0	0	0	0	0	0	0	0	0	0	0	0	0	0	0	0	0	0	0	0	0	60	0	0	0	27	0	0	0	0	0	0	0	7	35	0	166	0	0	49	0	0	0	3	0	0	0	0	0	0	0	0	0	0	1662	0	0	0	0	0	0	0	0	0	0	0	0	0	0	0	17	0	0	0	0	0	0	0	0	0	0	0	0	0	25	0	0	0	0	0	0	0	0	0	0	0	0	0	0	0	0	0	0	0	0	3	0	0	0	0	0	0	0	0	0	0	0	0	0	571	23	0	0	0	0	0	0	0	0	0	0	0	0	0	0	0	0	0	0	6	0	0	0	0	33	0	0	0	0
A01	0	0	0	0	0	86	0	2	4	0	0	14	0	0	10	0	0	0	0	553	0	0	1094	0	69	0	0	0	7	0	0	81	0	0	0	363	0	0	0	0	0	0	0	0	0	0	0	114	0	0	0	0	0	31	0	0	0	0	30	0	0	0	0	0	34	0	0	0	0	62	0	0	0	0	0	0	0	0	0	0	0	0	3	0	6	0	0	0	0	0	7	6	0	7	0	0	0	0	23	0	25	0	0	0	23	0	0	0	0	10	8	45	0	0	38	0	0	5	0	0	16	0	0	0	386	0	112	0	0	608	0	0	0	0	0	0	0	27	0	78	0	13	0	0	0	608	0	6	0	0	0	0	189	0	3937	0	0	0	9	0	0	0	0	0	0	15	0	0	0	0	0	0	0	0	0	0	0	330	0	0	0	285	0	0	84	330	0	0	21	0	0	29	0	0	0	0	0	0	8	0	50	0	0	307	0	302	15	16	71	0	0	6	182	0	104	0	0	0	0	0	26	0	0	0	0	0	126	0	706	0	0	0	0	0	0	0	4	59	0	0	0	16	145	0	0	32	0	0	0	180	0	0	0	0	0	0	1002	0	0	0	0	0	0	0	0	0	0	0	0	0	0	0	0	0	0	0	0	8	0	0	0	0	0	9	0	0	0	0	0	0	0	0	0	0	0	0	0	0	0	0	0	0	0	0	0	0	0	0	0	0	0	0	0	0	0	0	0	0	0	0	0
A02	0	0	0	0	0	0	0	0	0	0	0	0	0	0	0	0	5	0	0	1954	0	0	12645	47	0	0	0	27	0	0	0	166	0	0	0	266	0	0	0	0	0	0	0	0	0	0	10	97	0	0	0	0	0	9	0	0	0	0	8	0	0	0	2	0	0	0	0	0	0	28	127	0	0	0	0	0	0	0	0	0	0	0	38	0	34	20	3	29	0	0	66	88	0	0	0	0	2	7	0	0	25	0	154	0	0	0	208	0	0	15	37	93	0	0	0	0	0	113	8	12	116	0	1034	811	53	0	24	0	0	213	0	0	0	0	75	0	0	0	0	0	0	0	0	0	0	1069	7	71	65	0	0	0	91	0	0	0	38	0	513	0	0	0	0	0	165	0	0	0	48	45	119	0	0	0	9	0	135	185	13	0	0	180	0	0	111	130	87	0	0	0	0	828	0	37	0	57	0	33	0	0	0	28	0	484	0	546	63	547	19	0	0	67	29	0	69	0	0	0	0	0	505	0	12	0	10	0	1830	0	509	0	0	0	0	0	13	0	0	1916	0	0	0	0	7	0	203	0	7	0	23	0	0	0	0	9	0	0	31	0	0	0	0	0	68	0	0	0	0	0	0	0	0	0	0	0	0	0	0	660	0	0	0	0	583	0	0	0	0	0	0	0	0	0	0	0	0	0	0	0	0	0	0	0	0	10	0	0	0	201	0	0	0	65	0	0	0	0	0	0	0	224	0
A03	0	0	116	0	0	17	0	0	0	12	0	0	7	0	0	0	0	0	0	1921	0	0	2897	20	209	0	44	0	75	0	0	116	0	0	0	0	0	0	0	0	0	0	0	0	0	0	0	150	0	0	0	0	0	0	0	0	0	0	5	0	0	0	0	0	0	0	0	0	0	9	0	0	0	0	0	0	0	0	107	0	0	0	58	0	0	35	0	0	0	0	0	0	6	0	0	0	0	0	0	0	0	0	0	0	0	0	0	0	0	0	0	0	0	0	0	0	0	51	0	0	152	0	259	486	32	0	28	0	0	95	0	0	0	0	0	0	0	0	4	0	0	0	0	0	0	59	45	0	12	0	0	0	109	0	0	0	0	54	0	0	0	0	0	0	0	0	0	0	0	200	0	0	0	0	0	0	0	21	9	10	22	0	0	0	0	70	0	0	0	0	0	115	0	0	0	0	0	63	7	0	0	0	0	0	0	0	123	0	195	0	24	214	0	0	0	10	0	0	0	0	62	8	0	8	0	0	1894	0	67	0	0	40	0	7	0	10	0	0	0	0	0	0	53	0	0	0	0	0	0	0	0	0	0	0	0	0	0	0	0	0	0	0	0	0	0	0	0	0	0	0	0	0	0	0	0	0	0	22	0	0	0	0	5	0	0	0	0	197	0	0	0	0	0	0	0	0	0	0	0	18	0	0	0	0	0	0	0	188	0	0	0	15	0	0	0	0	0	0	0	919	0
A04	0	0	58	0	0	0	0	0	0	0	0	0	0	0	0	0	0	0	0	1549	0	0	7254	0	0	0	0	0	0	0	0	63	0	0	0	668	0	0	0	0	0	0	0	0	0	0	0	0	0	0	0	0	0	0	0	0	0	0	22	3	0	0	0	0	0	0	0	0	0	0	0	0	0	0	0	0	0	0	0	0	0	0	0	0	0	0	0	0	0	0	0	0	0	0	0	0	0	0	0	0	13	0	0	0	0	0	0	0	0	0	0	0	0	0	0	0	0	31	0	0	117	0	0	583	0	0	8	0	0	56	0	0	0	0	0	0	0	0	0	155	0	0	0	0	0	172	14	79	0	0	0	0	41	0	29	0	0	0	1615	0	0	0	0	0	0	0	0	0	31	0	0	0	0	0	0	0	0	0	0	48	0	0	0	0	0	0	0	0	0	0	0	93	0	0	0	12	0	8	0	0	0	0	0	0	0	0	0	0	191	0	0	67	0	0	0	0	0	0	0	0	0	11	0	0	0	0	665	0	1360	0	0	0	0	0	0	0	0	0	0	0	25	0	0	0	0	0	0	0	0	0	0	0	0	0	0	0	15	0	0	0	0	0	0	0	0	0	0	0	0	0	0	0	0	0	0	0	0	41	0	0	0	0	0	0	0	0	0	0	0	0	0	0	423	0	0	0	3	0	0	0	0	0	0	0	0	0	0	0	0	0	0	0	0	0	0	0	24	0	0	0	0
A05	0	0	18	0	0	0	0	0	0	0	0	0	0	0	0	0	0	0	0	1051	0	0	5585	0	0	0	0	0	0	0	0	44	0	0	0	169	0	0	0	0	61	0	0	0	0	0	16	0	0	0	0	0	0	0	0	0	0	0	5	0	0	0	0	0	0	0	0	0	0	0	0	0	0	0	0	0	0	0	0	0	0	0	0	0	0	0	0	0	0	0	0	0	0	0	0	0	0	0	0	0	6	0	14	0	0	0	4	0	0	0	0	0	0	0	0	0	21	21	0	0	9	0	356	1991	0	0	109	0	0	216	0	0	0	0	0	0	0	0	0	0	0	0	0	0	0	122	0	0	0	0	0	0	143	0	0	0	34	0	383	0	0	0	0	0	18	0	0	0	289	225	0	0	0	0	0	0	0	0	0	0	0	0	0	0	0	0	0	0	0	0	0	57	0	0	0	17	0	3	0	0	0	0	0	0	0	15	37	0	47	0	0	0	0	0	0	0	0	0	0	0	0	0	0	5	0	0	3372	0	162	0	0	0	0	0	0	0	0	2	0	0	0	0	0	0	0	0	8	0	0	0	0	0	0	0	0	0	0	0	15	0	0	0	0	0	0	0	0	0	0	0	0	0	0	0	0	0	0	18	0	0	0	0	0	0	0	0	0	6	0	0	0	8	0	0	0	0	0	0	0	0	0	0	0	0	0	0	0	0	0	193	0	0	0	0	0	0	0	0	0	0	0
A06	0	0	639	0	0	0	0	0	0	0	0	0	0	0	0	0	0	0	0	5203	0	0	619	0	0	0	0	0	0	0	0	119	0	0	0	1028	0	0	0	0	0	0	0	0	0	0	22	0	0	0	0	0	0	322	0	9	0	0	0	0	0	0	0	0	0	0	0	0	0	67	0	0	0	0	0	0	0	0	0	0	0	0	0	0	0	0	0	0	0	0	0	0	0	0	0	0	0	0	0	0	0	0	0	0	0	0	0	0	0	0	0	0	0	0	38	0	0	46	0	0	2	0	7	0	0	0	78	0	0	340	0	0	0	0	0	0	0	0	33	48	0	0	0	0	0	46	70	0	0	0	0	635	0	0	424	0	0	0	0	0	24	0	0	0	55	0	0	0	0	0	0	0	0	0	0	0	0	21	0	14	0	0	0	0	0	0	72	17	0	0	0	0	0	0	0	46	0	0	0	0	0	0	0	0	0	0	40	0	23	0	0	31	0	0	36	0	0	0	0	0	0	0	0	0	0	0	1019	0	3	0	0	0	0	0	0	0	0	0	0	0	0	0	59	0	0	0	114	0	27	10	84	0	0	0	0	0	27	0	0	0	0	0	0	0	0	0	0	0	6	0	0	0	0	0	0	0	0	0	0	0	0	0	0	19	0	0	0	0	0	0	0	0	0	0	0	0	0	0	0	0	0	0	0	0	0	0	0	377	0	0	0	0	38	0	0	0	7	0	0	2	0
A07	0	0	82	0	0	0	0	0	0	29	0	0	0	0	0	0	0	0	0	2937	0	0	1755	0	0	0	0	0	0	0	0	251	0	0	0	399	0	0	0	0	21	0	0	0	0	0	0	0	0	0	0	0	0	0	0	0	0	0	0	0	0	0	0	0	0	0	0	0	0	10	0	0	0	0	0	0	0	0	0	0	0	0	0	0	0	0	0	0	0	0	0	0	0	0	0	0	0	0	0	0	0	0	0	0	0	0	0	0	0	0	0	0	0	0	0	0	0	11	0	0	6	0	0	2046	29	0	32	0	14	55	0	0	0	0	0	0	0	0	3	0	0	0	0	0	0	95	0	0	107	0	0	88	61	0	407	0	16	0	54	0	0	0	0	0	0	0	0	0	0	0	0	0	0	0	0	0	0	215	10	0	0	0	0	0	22	120	19	0	0	0	0	202	0	0	0	14	0	18	0	0	0	0	0	0	0	5	59	0	48	0	0	51	0	0	14	0	0	0	0	0	50	11	0	0	0	0	2601	0	119	0	0	0	0	0	0	0	0	0	40	0	399	0	0	0	0	0	63	0	0	5	0	0	0	0	0	0	23	0	11	0	0	0	0	0	0	0	0	0	0	0	0	0	0	0	0	0	0	24	0	0	0	0	0	0	0	0	0	61	0	0	0	9	0	0	0	0	0	0	0	0	0	179	0	0	0	0	0	4	0	190	0	27	0	0	0	0	0	0	0	53	0
A08	0	0	47	0	0	11	0	0	0	0	0	0	0	0	0	0	0	0	147	170	0	18	93	1432	0	0	0	4	25	109	0	19	0	0	0	83	0	0	0	0	7	54	0	0	48	0	0	0	0	0	0	0	0	0	0	0	0	130	0	0	0	0	0	0	0	0	0	17	0	10	13	0	0	0	0	0	23	0	30	0	0	0	38	0	0	0	0	56	25	0	161	14	0	20	0	0	0	56	0	0	43	9	26	0	0	0	0	0	0	0	15	8	0	0	0	0	0	0	10	0	133	0	356	1003	0	0	0	22	6	102	38	430	44	0	202	0	7	0	0	0	108	0	0	0	0	23	0	0	0	0	0	0	0	0	0	0	10	0	149	0	0	0	0	0	31	0	0	0	0	74	0	0	0	0	0	0	0	3806	63	0	0	0	0	0	0	20	111	0	0	0	0	0	0	13	11	0	0	5	0	5	31	0	2	98	0	758	79	298	0	0	25	30	31	0	0	0	0	0	0	0	398	0	0	0	0	0	3152	0	73	0	0	0	0	0	0	0	0	22	70	44	111	0	0	47	0	0	0	0	16	0	0	0	0	0	0	0	0	0	0	0	0	52	0	78	127	0	0	0	0	0	0	0	0	0	0	0	0	16	0	0	0	0	0	0	0	110	9	376	60	0	0	0	0	0	89	0	0	0	0	0	0	0	0	0	0	152	0	8	0	163	0	42	0	0	0	0	0	0	0	0	4
A09	0	0	14	0	0	15	0	3	0	0	0	0	0	0	0	0	0	0	0	1084	0	0	665	0	0	0	0	0	0	0	0	105	0	0	0	89	0	0	0	0	0	0	0	8	0	0	0	77	0	0	0	0	0	0	0	0	0	0	8	0	0	0	0	0	0	0	0	0	0	41	0	0	0	0	0	0	0	0	0	0	0	0	0	0	0	0	0	0	0	0	0	0	0	0	0	0	0	0	0	0	0	0	0	0	0	0	0	0	0	0	0	167	0	0	0	0	0	93	0	0	92	0	307	4830	120	0	59	0	0	1480	29	0	0	0	0	0	0	14	7	0	0	0	0	75	0	1254	0	44	53	0	0	0	51	0	0	0	0	0	40	0	0	0	0	0	0	0	0	0	100	51	0	0	0	0	0	0	0	55	5	0	62	0	0	0	0	0	354	12	0	0	0	0	0	42	0	0	0	223	0	0	0	0	0	0	0	0	22	0	157	0	34	12	0	0	0	0	0	0	0	0	0	0	0	0	0	0	2817	0	903	0	0	0	0	0	0	0	0	0	14	0	61	0	53	0	0	0	0	0	0	26	0	0	0	0	0	0	14	0	13	0	0	0	0	0	0	0	0	0	0	0	0	0	0	0	0	0	0	80	0	0	0	0	0	0	0	0	0	407	0	0	0	0	0	0	0	0	0	6	0	0	0	0	0	0	0	0	0	30	0	0	0	8	0	0	0	0	0	0	0	0	0
A10	0	0	491	0	0	0	0	0	0	0	0	0	0	0	0	0	0	0	0	2550	0	0	1794	0	167	0	0	0	57	0	0	81	8	6	0	287	0	0	0	32	0	0	0	0	0	0	47	0	0	19	0	0	0	6	0	0	0	0	11	0	0	0	0	2	0	0	0	0	0	0	0	0	0	0	0	0	0	0	0	0	0	0	18	0	0	0	0	12	0	0	0	0	0	0	0	0	0	0	0	0	0	0	0	21	0	6	0	0	0	0	16	138	0	0	0	0	0	49	0	0	12	0	0	784	96	0	276	0	0	284	0	0	0	0	0	0	0	0	0	0	0	0	0	0	0	74	49	48	0	0	0	0	0	24	43	0	0	0	0	0	0	0	0	0	241	0	0	0	43	0	0	0	0	0	0	0	24	12	146	0	0	0	0	0	145	0	0	0	0	0	0	160	0	0	0	11	0	7	0	0	0	0	0	216	129	662	302	90	100	0	0	324	0	42	0	0	0	15	0	0	45	0	10	10	0	0	758	24	164	4	0	0	0	0	0	0	0	46	0	0	131	0	48	0	0	4	0	0	21	0	0	0	0	0	0	0	0	0	0	0	0	31	0	0	0	0	0	0	0	0	0	0	0	0	0	0	0	10	0	0	0	0	0	0	0	0	0	52	0	0	0	0	0	0	0	0	0	0	0	0	0	0	23	0	0	0	0	57	0	0	0	47	0	0	0	0	0	0	0	1217	6
A11	0	0	6482	0	0	3124	0	3	7	0	0	0	6	0	0	0	0	0	0	442	0	0	110	5	0	0	3	0	0	0	0	18	0	0	0	117	0	0	0	0	8	0	0	0	0	0	12	48	0	0	0	0	0	3	0	0	0	0	37	0	10	0	0	0	0	0	0	0	0	120	0	0	0	0	0	0	0	0	0	0	0	0	39	0	8	0	0	0	0	0	0	0	0	0	0	0	0	0	0	0	257	0	11	0	0	0	9	0	0	4	0	16	0	0	0	0	0	0	0	0	31	0	338	1034	47	0	69	72	0	628	48	0	0	0	0	0	0	0	0	0	0	0	0	9	58	1476	0	0	186	0	0	0	132	0	0	0	0	0	15	2	0	0	0	0	0	87	0	0	0	0	0	0	0	0	0	0	347	297	18	85	30	1664	0	0	229	414	0	0	0	0	0	339	0	0	0	70	0	45	0	0	9	0	0	461	0	122	0	0	38	0	0	0	19	0	167	0	0	0	0	50	124	0	0	0	0	0	2142	0	3081	0	0	0	0	0	0	11	46	29	0	70	552	0	34	0	0	0	0	0	18	147	0	0	3	0	0	0	113	0	25	0	0	3	133	0	0	0	0	0	0	4	0	0	0	0	0	0	0	368	0	0	0	0	0	0	0	0	0	0	0	0	0	0	0	0	0	0	0	0	0	0	0	0	0	0	0	0	0	0	0	0	0	599	0	0	0	0	0	0	0	1160	0
A12	0	0	39	0	0	0	3	0	0	0	0	0	0	0	0	0	0	0	0	2293	0	0	2569	0	0	0	102	0	59	0	0	47	0	0	0	103	0	0	0	0	0	0	0	0	0	0	11	0	0	0	0	0	0	0	0	0	0	0	9	0	0	0	0	0	0	0	0	0	0	0	0	0	0	0	17	0	0	0	0	0	0	0	11	0	0	0	0	18	0	3	0	0	0	0	0	0	0	0	0	0	12	0	177	0	0	0	30	0	0	0	0	0	0	0	0	0	15	0	0	0	7	0	348	1199	72	0	81	0	0	346	60	0	431	0	0	0	11	0	0	0	0	0	0	0	22	165	0	53	84	0	0	0	117	0	0	0	27	0	183	0	0	0	0	0	27	0	0	0	0	0	0	0	0	0	0	0	0	48	11	0	0	0	17	9	13	0	0	0	0	0	0	245	0	55	0	15	0	23	0	0	0	0	0	198	0	180	62	300	0	19	0	40	0	0	10	18	0	0	0	0	29	0	0	8	0	0	2419	0	402	0	0	0	2	10	0	3	0	540	0	26	104	0	6	0	0	0	0	0	0	0	0	0	0	0	0	0	0	0	0	0	0	0	0	0	0	0	0	0	0	0	0	0	0	0	0	0	0	60	0	0	0	0	88	0	0	0	0	103	0	0	0	0	0	0	0	0	0	0	0	0	0	0	0	0	0	0	0	320	0	0	0	0	0	0	0	0	0	0	0	46	6
A13	0	0	0	0	0	9	0	0	0	0	0	0	0	0	0	0	0	0	0	2741	0	0	1910	5	0	0	0	0	33	0	0	112	0	0	0	124	0	0	0	0	0	0	0	0	0	0	0	112	0	0	0	0	0	0	0	0	0	0	56	0	0	0	0	2	0	0	0	0	0	31	0	0	0	0	0	0	0	0	0	0	0	0	14	0	0	0	0	0	0	0	0	0	0	0	0	0	0	0	0	0	107	0	0	0	0	0	0	0	0	0	0	0	0	0	0	0	0	13	0	0	24	0	51	752	134	0	233	0	13	829	0	0	24	0	0	0	0	0	0	0	0	0	0	0	0	0	0	0	0	25	0	0	50	0	0	34	0	0	24	0	0	17	0	0	59	0	0	46	172	0	0	0	0	0	0	0	0	14	0	0	0	0	0	0	0	0	0	0	0	0	0	0	0	0	0	41	0	37	0	0	0	0	0	23	0	49	136	0	35	0	0	72	0	0	0	0	0	0	0	33	0	0	0	0	0	0	4508	0	442	0	0	0	0	0	0	0	0	33	0	0	14	0	13	0	0	0	0	0	9	4	0	0	0	0	0	0	0	0	0	0	0	0	0	0	0	0	0	0	0	0	0	0	0	0	0	0	0	0	0	0	0	0	0	0	0	0	0	0	0	0	0	15	0	0	0	0	0	0	0	0	0	0	0	0	0	0	0	0	0	0	0	0	0	0	0	0	0	0	0	0	0
A14	0	0	85	0	0	0	0	0	0	0	0	0	0	6	0	0	0	34	0	694	0	610	1372	1057	96	0	37	19	40	0	0	90	0	0	0	377	0	0	0	0	5	0	0	0	0	0	0	13	0	0	0	0	0	0	0	0	0	19	2	0	0	0	0	0	0	0	0	0	0	0	0	0	19	0	0	0	0	3	0	0	0	0	7	0	0	0	0	0	0	0	0	0	0	0	0	0	0	17	4	0	74	0	80	5	0	0	0	0	0	0	14	25	0	0	0	0	0	11	0	5	148	0	554	375	0	0	33	0	0	96	21	0	471	0	117	11	0	0	0	0	0	0	0	0	0	175	31	20	14	0	0	0	0	0	0	0	0	0	894	0	0	0	0	0	0	0	0	0	42	72	0	0	0	0	0	0	0	84	4	0	0	0	43	5	0	0	94	0	0	0	0	62	0	0	0	0	6	141	0	0	13	0	0	76	29	586	140	456	0	0	0	0	113	0	0	0	0	0	0	58	118	0	0	0	0	0	266	0	648	0	14	0	0	0	0	0	0	403	3	0	0	0	14	0	0	0	5	0	11	0	0	0	0	0	0	0	4	0	6	0	0	0	27	0	0	0	0	0	0	0	0	0	0	0	0	0	0	18	29	0	0	0	22	264	0	0	0	0	0	0	0	0	0	0	0	0	0	0	0	0	0	0	0	4	0	0	0	0	0	307	0	0	0	0	0	0	0	14	0	59	0
A15	0	0	630	0	0	18	0	0	0	0	0	0	0	0	0	0	0	0	0	1353	0	0	4718	0	0	0	0	0	0	0	0	0	0	0	0	0	0	0	0	0	0	0	0	0	0	0	29	0	0	0	0	0	0	0	0	0	0	0	0	0	0	0	9	0	0	0	65	0	0	63	0	0	0	0	0	0	0	0	0	0	0	0	0	0	0	0	0	5	0	0	0	0	0	0	0	0	0	0	92	0	265	0	0	0	0	0	0	0	0	0	0	548	0	0	0	10	0	0	0	0	158	0	229	3242	41	0	855	0	0	441	0	0	0	0	0	0	0	0	12	62	0	0	0	0	0	260	0	0	26	0	53	0	286	0	0	0	0	0	34	0	0	0	0	0	0	0	16	0	35	0	0	0	0	0	0	0	55	0	0	0	0	0	0	0	14	175	0	0	0	0	0	2797	0	0	0	33	0	278	0	0	0	0	0	380	0	70	25	0	151	0	0	77	0	0	121	0	0	0	0	0	0	13	0	0	5	0	7056	0	315	0	0	0	7	0	0	0	14	6	0	0	256	0	215	0	0	0	0	0	0	0	0	0	0	0	0	0	537	0	34	31	0	0	0	0	0	0	0	0	0	0	0	0	0	0	0	0	0	141	0	0	0	0	0	0	0	0	0	0	0	0	0	40	0	0	0	0	0	0	0	0	0	0	0	0	0	0	0	0	0	0	0	0	17	117	0	0	0	0	0	239	0
A16	0	0	34	0	0	2	0	0	0	0	0	0	0	0	0	0	0	0	0	1220	0	0	6657	0	0	10	0	0	0	0	0	62	0	0	0	504	0	0	0	0	0	0	0	0	0	0	12	0	0	0	0	0	0	0	0	0	0	0	17	0	0	0	0	0	0	0	0	0	0	0	0	0	0	0	0	0	0	0	0	0	0	0	0	0	0	0	0	0	0	18	0	0	0	0	0	0	0	5	0	0	0	0	0	0	0	14	0	0	0	0	24	0	0	0	0	7	17	10	0	0	74	0	0	0	8	0	72	0	0	0	7	0	0	0	0	0	14	0	0	0	0	0	0	0	0	689	40	0	181	0	0	0	52	0	15	0	0	0	508	9	6	0	0	0	0	0	0	0	123	149	0	0	0	0	0	0	75	6	0	0	0	0	0	0	19	203	9	0	0	0	12	0	0	0	0	0	0	62	0	0	3	0	0	173	17	0	51	0	122	0	0	137	39	0	0	0	8	21	0	0	33	0	0	0	0	0	4027	0	60	0	0	37	0	14	0	0	0	0	0	0	9	0	78	0	0	0	53	0	0	0	0	0	0	0	0	0	0	0	7	0	0	0	0	0	0	0	0	0	0	0	0	0	0	0	0	0	0	181	0	0	0	0	238	0	0	0	0	11	0	0	0	9	0	0	0	0	0	0	0	0	0	0	0	0	0	0	0	0	0	0	0	28	0	0	0	0	0	0	0	0	0
A17	0	0	3963	0	0	98	0	0	0	0	0	0	0	0	6	19	7	0	0	547	0	0	3305	3410	0	0	0	0	0	0	77	13	0	0	0	307	0	0	0	0	0	0	9	0	0	8	3	240	0	0	0	0	0	0	0	17	0	0	6	0	0	0	11	4	0	0	0	0	0	416	0	0	0	0	0	0	0	0	0	0	0	0	0	0	0	0	0	0	0	0	0	0	0	0	0	0	0	0	0	0	128	0	0	0	0	0	0	0	0	0	0	7	0	0	0	0	0	57	0	0	134	0	0	820	408	0	2260	0	14	1285	0	0	0	0	0	0	0	0	0	35	0	0	0	0	0	25	0	0	0	0	0	66	308	0	366	0	0	0	0	0	0	0	0	0	0	0	0	0	0	0	0	0	0	0	0	0	125	24	7	0	0	35	0	0	20	0	0	0	0	0	0	25	0	266	0	32	0	33	0	0	0	0	0	47	0	386	128	75	217	0	0	35	747	0	0	0	0	0	0	53	9	0	0	0	0	0	614	0	353	0	3	0	0	0	0	0	11	0	0	0	47	0	42	0	0	0	0	0	0	73	0	0	0	0	2	0	17	0	44	0	0	0	0	0	0	40	21	0	0	129	0	0	0	0	0	0	0	115	0	0	0	0	0	0	0	0	0	0	0	0	0	0	0	0	0	0	0	0	0	0	0	0	0	0	0	0	0	0	0	27	0	426	0	0	0	0	0	7	0	131	0
A18	0	0	79	0	0	0	0	0	0	0	0	0	0	0	0	0	0	0	0	813	0	0	3634	0	0	0	0	0	0	0	0	80	0	0	0	235	0	0	0	0	0	0	0	0	0	0	0	15	0	0	0	0	0	0	0	0	0	0	4	12	0	0	0	0	0	0	0	0	0	5	0	0	0	0	0	0	0	0	0	0	0	0	0	0	0	0	0	0	0	0	0	0	0	0	0	0	0	0	0	0	0	0	296	0	0	0	0	0	0	0	0	5	0	0	0	0	14	0	0	0	0	0	0	687	11	0	27	0	0	0	0	0	0	0	0	0	0	0	0	105	28	0	0	0	0	132	0	12	0	0	0	0	41	0	57	0	0	0	747	0	0	0	0	0	20	0	0	0	0	0	0	0	0	0	0	0	0	67	12	68	0	0	0	0	0	0	0	0	0	0	0	0	0	0	0	28	0	0	0	0	0	0	0	9	0	447	125	0	74	0	0	62	123	0	0	0	0	0	0	0	54	0	0	0	0	0	652	0	481	0	0	0	0	0	0	0	0	0	0	0	291	0	17	0	0	0	0	0	0	0	0	0	0	0	0	0	0	0	0	0	0	0	0	0	0	0	0	0	0	0	0	0	0	0	0	0	0	27	0	0	0	0	775	0	0	0	0	0	0	0	0	9	0	0	0	0	0	0	0	0	0	0	0	0	0	0	0	481	0	0	0	62	0	0	0	0	4	0	0	866	0
A19	0	0	181	0	0	0	0	0	0	0	0	0	0	0	0	0	0	0	0	735	0	41	1497	4	43	0	14	7	8	0	0	34	12	0	0	177	0	0	0	0	0	0	0	0	0	0	5	20	0	0	0	0	0	0	0	0	0	0	15	0	0	0	0	0	0	0	0	0	0	16	0	0	0	0	0	0	0	0	0	0	0	0	21	0	0	0	0	7	0	0	0	0	0	0	0	0	0	0	0	0	199	0	0	0	6	0	10	0	0	0	0	0	0	0	0	0	26	178	0	0	46	0	0	554	38	0	38	13	0	252	0	0	0	0	0	0	0	0	0	0	0	0	0	0	0	0	0	0	0	7	0	0	59	0	78	0	13	0	601	0	0	0	0	0	99	0	0	0	79	0	0	0	0	0	0	7	0	0	0	0	0	118	0	0	53	246	0	0	0	0	0	103	0	54	0	0	0	7	0	0	0	0	0	168	0	132	87	109	387	0	0	14	0	0	0	0	0	0	0	0	0	0	0	0	0	0	314	0	106	0	0	0	0	0	0	0	0	0	0	0	46	0	91	0	0	0	8	0	16	12	0	3	0	0	0	0	0	0	0	0	0	0	0	0	0	0	0	0	2	8	0	0	0	0	0	0	0	24	0	0	0	0	0	43	0	0	0	7	0	0	0	0	0	0	0	0	0	0	0	0	0	0	0	0	0	0	0	5	0	216	0	2370	0	0	0	0	0	0	0	0	0
A20	0	0	365	0	0	17	0	0	0	0	0	0	0	0	0	0	0	6	0	776	0	316	3056	26	39	0	83	23	34	0	0	105	0	0	0	280	0	0	0	0	0	0	0	0	0	0	13	140	0	0	6	16	0	0	4	0	0	0	50	0	0	0	0	0	0	0	0	0	0	2	0	0	0	0	0	0	0	0	0	0	0	0	9	0	0	0	0	0	0	0	0	0	0	0	0	0	0	0	0	0	45	0	0	0	0	0	5	0	2	0	0	0	0	0	0	0	0	217	0	0	212	0	20	614	150	0	343	0	0	335	0	0	0	0	0	0	0	0	0	0	0	0	0	0	0	19	0	0	0	12	0	98	125	0	80	0	10	0	361	0	0	0	0	0	0	0	0	0	17	0	0	0	0	0	0	0	0	21	13	238	0	0	0	0	202	0	0	0	21	0	0	0	0	286	0	0	0	24	0	0	0	0	0	50	0	230	29	36	143	0	0	157	0	0	22	0	0	0	0	0	44	0	0	18	0	0	1445	0	236	0	0	0	0	0	0	6	0	0	0	0	0	0	56	0	0	0	28	0	22	7	0	0	0	0	0	0	10	0	10	0	0	0	0	0	0	0	0	0	0	8	0	0	0	0	0	0	0	29	0	0	0	70	0	250	0	0	0	3414	0	0	0	0	0	0	0	0	0	0	0	0	0	0	0	0	0	0	0	4	0	429	0	278	0	0	0	0	0	0	14	0	0
A21	0	0	135	0	0	0	0	0	0	0	0	0	0	0	0	0	0	0	0	97	0	0	136	0	0	0	0	0	0	0	0	0	0	0	0	0	0	0	0	0	0	0	0	0	0	0	0	6	0	0	0	0	0	0	0	0	0	0	54	20	0	0	0	0	0	0	0	0	0	0	0	0	0	0	0	0	0	0	0	0	0	0	11	0	0	0	0	5	0	0	0	0	0	0	0	0	0	0	0	0	0	0	0	0	0	0	0	2	0	0	0	0	8	0	196	0	0	169	0	0	55	0	34	0	0	0	53	33	6	516	118	0	0	0	0	0	0	0	0	0	0	0	0	0	2	17	0	0	0	0	0	0	81	0	0	0	0	0	63	0	0	0	0	0	0	0	0	0	82	0	0	0	0	0	0	0	0	13	62	3	124	0	0	0	0	87	908	25	15	0	0	60	0	0	0	0	0	53	0	0	0	0	0	0	0	447	0	0	95	0	0	16	0	0	32	0	0	0	0	0	81	0	0	0	0	0	253	0	1811	0	0	0	0	0	0	0	0	210	0	0	0	0	264	0	0	0	19	0	0	44	0	0	0	0	0	0	105	0	57	0	0	0	8	0	0	0	0	0	0	0	4	0	0	0	0	0	0	39	0	0	0	0	0	0	0	0	0	0	0	0	0	0	0	0	0	0	0	0	0	0	0	0	0	0	0	0	0	44	0	0	2	19	0	0	0	7	8	0	0	14177	209
A22	0	0	0	0	0	0	0	0	0	0	0	0	0	0	0	0	0	0	0	1227	0	0	4931	0	0	0	0	0	0	0	0	0	0	0	0	0	0	0	0	0	0	0	0	0	0	0	12	0	0	0	0	0	0	0	0	0	0	0	19	0	0	0	0	0	0	0	0	0	0	0	0	0	0	0	0	0	0	0	0	0	3	0	0	0	0	0	0	0	0	0	0	0	0	0	0	0	0	0	0	0	0	0	0	0	0	0	0	0	0	0	0	0	0	0	0	0	0	0	0	0	214	0	0	0	10	0	414	0	0	159	0	0	0	0	0	0	0	0	0	27	0	0	0	0	0	1121	162	0	0	0	0	48	85	18	0	0	0	0	0	22	0	0	0	0	0	0	0	0	0	0	48	0	0	0	0	0	186	10	13	0	22	0	0	0	116	0	0	4	0	0	0	0	0	0	0	36	0	16	0	0	0	0	0	0	0	0	65	0	94	0	0	258	0	0	33	5	0	0	0	0	47	6	0	0	0	0	1188	0	252	0	0	0	0	0	0	0	0	0	0	0	31	0	64	0	0	0	0	0	0	0	0	0	0	0	0	0	13	0	0	0	0	0	0	0	0	0	0	0	0	0	0	0	0	0	0	0	0	46	0	0	0	0	0	0	0	0	0	0	0	0	0	0	0	0	0	0	0	0	0	0	0	0	0	0	0	0	0	318	0	0	0	0	0	111	0	0	0	0	0	0	9
A23	0	0	380	0	0	0	3	0	0	0	0	0	0	0	0	0	0	0	0	1455	0	1612	1569	45	0	0	0	0	29	0	0	11	0	0	0	213	0	0	0	0	0	0	0	0	0	0	17	0	2	0	0	0	0	0	0	0	0	0	15	0	0	0	0	0	0	0	0	0	0	36	0	0	0	0	0	0	0	0	0	0	0	0	41	0	0	0	0	0	0	0	0	0	0	0	0	0	0	0	5	0	0	0	0	0	0	0	0	0	0	48	0	62	0	0	0	0	0	234	0	0	690	0	0	855	52	0	308	0	0	289	210	0	0	0	553	0	0	0	0	0	0	0	60	0	0	89	219	0	994	0	0	0	48	0	56	0	0	0	617	0	0	0	0	0	221	0	0	0	203	0	121	0	0	0	0	0	0	29	221	0	0	0	0	0	638	0	20	0	0	0	0	0	0	0	0	0	0	24	0	0	0	0	0	51	0	0	28	0	203	0	0	11	0	0	0	0	0	0	0	0	0	0	0	7	0	0	1012	0	3984	0	0	0	0	0	8	0	0	0	0	17	0	0	44	0	0	0	13	0	56	0	0	0	0	0	0	0	6	0	0	0	0	0	287	0	0	0	0	0	0	0	0	0	0	0	0	0	0	0	0	0	0	0	490	0	0	0	0	0	0	0	0	2	0	0	0	0	0	0	0	0	0	0	0	0	0	0	0	0	0	0	0	27	0	0	0	0	0	0	0	22	32
